date,sales
2012/01/01,6540601
2012/01/02,7211678
2012/01/03,6619422
2012/01/04,6826748
2012/01/05,6727839
2012/01/06,7647233
2012/01/07,7913228
2012/01/08,8075309
2012/01/09,7330589
2012/01/10,7611517
2012/01/11,7066919
2012/01/12,7118536
2012/01/13,8319773
2012/01/14,8576493
2012/01/15,8259776
2012/01/16,7272998
2012/01/17,7043534
2012/01/18,7410176
2012/01/19,7404694
2012/01/20,6469162
2012/01/21,7872957
2012/01/22,8262733
2012/01/23,7216532
2012/01/24,6969032
2012/01/25,8083180
2012/01/26,8008389
2012/01/27,8406603
2012/01/28,9121024
2012/01/29,8135141
2012/01/30,7742565
2012/01/31,7554481
2012/02/01,7485372
2012/02/02,7631748
2012/02/03,9931591
2012/02/04,8589119
2012/02/05,8276193
2012/02/06,6956118
2012/02/07,6653474
2012/02/08,8105389
2012/02/09,7905784
2012/02/10,9412057
2012/02/11,9617190
2012/02/12,9491215
2012/02/13,9324408
2012/02/14,7437882
2012/02/15,8189565
2012/02/16,7742192
2012/02/17,9383746
2012/02/18,9583786
2012/02/19,8832568
2012/02/20,8230879
2012/02/21,7408867
2012/02/22,7747290
2012/02/23,6627409
2012/02/24,9038144
2012/02/25,8127915
2012/02/26,8586251
2012/02/27,7604552
2012/02/28,8389673
2012/02/29,4810528
2012/03/01,9235684
2012/03/02,8553271
2012/03/03,11665602
2012/03/04,8067829
2012/03/05,5856745
2012/03/06,7786205
2012/03/07,7695247
2012/03/08,7513473
2012/03/09,7117677
2012/03/10,8517569
2012/03/11,9256117
2012/03/12,8083718
2012/03/13,7756028
2012/03/14,8107222
2012/03/15,7609163
2012/03/16,8902137
2012/03/17,7324630
2012/03/18,8728217
2012/03/19,8684102
2012/03/20,7563331
2012/03/21,7613059
2012/03/22,7434660
2012/03/23,7780224
2012/03/24,9287496
2012/03/25,8870084
2012/03/26,7445448
2012/03/27,7285956
2012/03/28,6739015
2012/03/29,6718402
2012/03/30,8400019
2012/03/31,6545600
2012/04/01,8956714
2012/04/02,8099266
2012/04/03,5706960
2012/04/04,7857670
2012/04/05,7475357
2012/04/06,8575664
2012/04/07,9734912
2012/04/08,9593262
2012/04/09,7833289
2012/04/10,7491947
2012/04/11,6088219
2012/04/12,7750766
2012/04/13,8275297
2012/04/14,7106040
2012/04/15,9467434
2012/04/16,8199067
2012/04/17,6905649
2012/04/18,7710831
2012/04/19,7466837
2012/04/20,8342637
2012/04/21,9504129
2012/04/22,7483117
2012/04/23,6509653
2012/04/24,8090753
2012/04/25,7861854
2012/04/26,6805074
2012/04/27,7676368
2012/04/28,9333328
2012/04/29,8095002
2012/04/30,7688205
2012/05/01,7986849
2012/05/02,6786116
2012/05/03,6613473
2012/05/04,7550125
2012/05/05,8288625
2012/05/06,7035587
2012/05/07,7930882
2012/05/08,7557240
2012/05/09,7045185
2012/05/10,6437275
2012/05/11,9417369
2012/05/12,10162811
2012/05/13,10246105
2012/05/14,7973083
2012/05/15,6099269
2012/05/16,7480607
2012/05/17,7056694
2012/05/18,7599732
2012/05/19,8686297
2012/05/20,8467572
2012/05/21,7701322
2012/05/22,5706059
2012/05/23,8279703
2012/05/24,7314434
2012/05/25,8682354
2012/05/26,8543264
2012/05/27,8872030
2012/05/28,6657897
2012/05/29,6872468
2012/05/30,7389499
2012/05/31,7106567
2012/06/01,8185107
2012/06/02,9021285
2012/06/03,8163323
2012/06/04,7268946
2012/06/05,7152864
2012/06/06,6853227
2012/06/07,7290626
2012/06/08,8359097
2012/06/09,7663272
2012/06/10,8883036
2012/06/11,8158620
2012/06/12,6233924
2012/06/13,7410704
2012/06/14,7736505
2012/06/15,10016320
2012/06/16,8876779
2012/06/17,10269078
2012/06/18,8137282
2012/06/19,6427288
2012/06/20,6899402
2012/06/21,7592112
2012/06/22,7217559
2012/06/23,9044427
2012/06/24,8405104
2012/06/25,7824060
2012/06/26,7648071
2012/06/27,8019576
2012/06/28,7469993
2012/06/29,8766072
2012/06/30,9048224
2012/07/01,7970225
2012/07/02,7979664
2012/07/03,6529332
2012/07/04,7579625
2012/07/05,7221025
2012/07/06,8193658
2012/07/07,8022938
2012/07/08,8314338
2012/07/09,7509968
2012/07/10,7559036
2012/07/11,7386348
2012/07/12,7121366
2012/07/13,8137175
2012/07/14,8712093
2012/07/15,7545033
2012/07/16,6993900
2012/07/17,7281734
2012/07/18,7070064
2012/07/19,6660604
2012/07/20,7637254
2012/07/21,8438499
2012/07/22,8919875
2012/07/23,6917378
2012/07/24,6458592
2012/07/25,7029989
2012/07/26,6176852
2012/07/27,8420834
2012/07/28,7496481
2012/07/29,7457394
2012/07/30,7038318
2012/07/31,6863124
2012/08/01,6721852
2012/08/02,6234629
2012/08/03,7849502
2012/08/04,7686774
2012/08/05,7196876
2012/08/06,6267907
2012/08/07,6476101
2012/08/08,6865590
2012/08/09,6868732
2012/08/10,7905740
2012/08/11,7771346
2012/08/12,7390836
2012/08/13,6933806
2012/08/14,7195804
2012/08/15,6820874
2012/08/16,6448382
2012/08/17,7717784
2012/08/18,7110218
2012/08/19,7218550
2012/08/20,7104835
2012/08/21,6448914
2012/08/22,6617861
2012/08/23,6611613
2012/08/24,7500945
2012/08/25,7768418
2012/08/26,7176069
2012/08/27,6821707
2012/08/28,6308889
2012/08/29,6617356
2012/08/30,6555354
2012/08/31,7111412
2012/09/01,7587803
2012/09/02,6566499
2012/09/03,7272547
2012/09/04,6746480
2012/09/05,6987288
2012/09/06,6013858
2012/09/07,7710162
2012/09/08,8236923
2012/09/09,7869503
2012/09/10,7284891
2012/09/11,6468262
2012/09/12,6871721
2012/09/13,6356822
2012/09/14,8211133
2012/09/15,8983064
2012/09/16,8044521
2012/09/17,7911244
2012/09/18,7000806
2012/09/19,6371152
2012/09/20,6954075
2012/09/21,8209891
2012/09/22,7983062
2012/09/23,6630748
2012/09/24,7622351
2012/09/25,7454105
2012/09/26,7336137
2012/09/27,7040748
2012/09/28,8587813
2012/09/29,9243962
2012/09/30,7479299
2012/10/01,6677008
2012/10/02,7147966
2012/10/03,6264376
2012/10/04,6883494
2012/10/05,8253667
2012/10/06,8136645
2012/10/07,7270285
2012/10/08,7568439
2012/10/09,7026686
2012/10/10,6946834
2012/10/11,6381439
2012/10/12,7795882
2012/10/13,8542518
2012/10/14,7826995
2012/10/15,7250162
2012/10/16,7436359
2012/10/17,6938802
2012/10/18,6078121
2012/10/19,11112670
2012/10/20,10420712
2012/10/21,10790475
2012/10/22,7265355
2012/10/23,5774897
2012/10/24,7414929
2012/10/25,7767852
2012/10/26,8049838
2012/10/27,9088234
2012/10/28,7574139
2012/10/29,7302191
2012/10/30,6868606
2012/10/31,7043357
2012/11/01,7355091
2012/11/02,8242377
2012/11/03,8330412
2012/11/04,7893662
2012/11/05,7023674
2012/11/06,5396059
2012/11/07,7631587
2012/11/08,6875184
2012/11/09,9058501
2012/11/10,9129548
2012/11/11,7386941
2012/11/12,7100319
2012/11/13,7318825
2012/11/14,6988985
2012/11/15,8351987
2012/11/16,8710253
2012/11/17,7257176
2012/11/18,8945462
2012/11/19,7132080
2012/11/20,7000352
2012/11/21,7552363
2012/11/22,8464805
2012/11/23,6899434
2012/11/24,9274000
2012/11/25,8140415
2012/11/26,5643310
2012/11/27,7567027
2012/11/28,7781551
2012/11/29,7128723
2012/11/30,8808241
2012/12/01,9753175
2012/12/02,9760934
2012/12/03,7260344
2012/12/04,7025099
2012/12/05,7736418
2012/12/06,7143642
2012/12/07,8728456
2012/12/08,9441667
2012/12/09,10099654
2012/12/10,7871500
2012/12/11,7456703
2012/12/12,8334389
2012/12/13,8788762
2012/12/14,9295180
2012/12/15,8927016
2012/12/16,10006776
2012/12/17,7054692
2012/12/18,8446712
2012/12/19,8230039
2012/12/20,8950709
2012/12/21,10886217
2012/12/22,11030617
2012/12/23,14397312
2012/12/24,15207830
2012/12/25,10488428
2012/12/26,10643832
2012/12/27,12170113
2012/12/28,16376224
2012/12/29,20536478
2012/12/30,22007226
2012/12/31,26566096
2013/01/01,7849917
2013/01/02,6768934
2013/01/03,5806105
2013/01/04,7220643
2013/01/05,7103162
2013/01/06,7260703
2013/01/07,6902028
2013/01/08,6959430
2013/01/09,6462084
2013/01/10,6456424
2013/01/11,7893100
2013/01/12,8269918
2013/01/13,8190619
2013/01/14,3277822
2013/01/15,6569484
2013/01/16,7291901
2013/01/17,7279427
2013/01/18,8313547
2013/01/19,8541910
2013/01/20,7908296
2013/01/21,8092811
2013/01/22,6116858
2013/01/23,7177782
2013/01/24,6747843
2013/01/25,7996583
2013/01/26,8423275
2013/01/27,7810077
2013/01/28,6696020
2013/01/29,6977231
2013/01/30,6923114
2013/01/31,6885625
2013/02/01,8124533
2013/02/02,7898268
2013/02/03,9222971
2013/02/04,6931847
2013/02/05,9148654
2013/02/06,3842206
2013/02/07,6842424
2013/02/08,8180481
2013/02/09,8771265
2013/02/10,8523985
2013/02/11,8136515
2013/02/12,7954073
2013/02/13,7715498
2013/02/14,8165689
2013/02/15,7637367
2013/02/16,8888360
2013/02/17,9087778
2013/02/18,6874225
2013/02/19,5898576
2013/02/20,7652274
2013/02/21,6716220
2013/02/22,7994960
2013/02/23,8766011
2013/02/24,8247403
2013/02/25,7026671
2013/02/26,7372271
2013/02/27,6450443
2013/02/28,7579625
2013/03/01,7313046
2013/03/02,9147957
2013/03/03,9636777
2013/03/04,6644314
2013/03/05,6789274
2013/03/06,6688030
2013/03/07,6328848
2013/03/08,7334775
2013/03/09,7842321
2013/03/10,7324005
2013/03/11,7200774
2013/03/12,7021671
2013/03/13,6495474
2013/03/14,7534990
2013/03/15,8405917
2013/03/16,8733660
2013/03/17,8130770
2013/03/18,6049596
2013/03/19,7541131
2013/03/20,7004800
2013/03/21,6647242
2013/03/22,7701850
2013/03/23,8694197
2013/03/24,7558336
2013/03/25,6502677
2013/03/26,7393669
2013/03/27,6435122
2013/03/28,6890751
2013/03/29,8536632
2013/03/30,8816714
2013/03/31,7970716
2013/04/01,7773181
2013/04/02,5318938
2013/04/03,5979685
2013/04/04,7847488
2013/04/05,11009365
2013/04/06,7970351
2013/04/07,7463364
2013/04/08,7446746
2013/04/09,7142532
2013/04/10,6922689
2013/04/11,6527020
2013/04/12,7555920
2013/04/13,8651541
2013/04/14,8042930
2013/04/15,7490408
2013/04/16,7014122
2013/04/17,7193864
2013/04/18,7159766
2013/04/19,7923925
2013/04/20,8205721
2013/04/21,7802633
2013/04/22,7707288
2013/04/23,7563936
2013/04/24,6267916
2013/04/25,7457647
2013/04/26,7732233
2013/04/27,8677080
2013/04/28,7735436
2013/04/29,7670538
2013/04/30,7041594
2013/05/01,7455660
2013/05/02,7882513
2013/05/03,8177293
2013/05/04,7327144
2013/05/05,7769981
2013/05/06,10053290
2013/05/07,7392936
2013/05/08,6914529
2013/05/09,6535207
2013/05/10,8770758
2013/05/11,7735522
2013/05/12,9486114
2013/05/13,7140516
2013/05/14,6606956
2013/05/15,6802410
2013/05/16,5858087
2013/05/17,8161777
2013/05/18,7960800
2013/05/19,7802345
2013/05/20,6054810
2013/05/21,7143539
2013/05/22,7244466
2013/05/23,7282472
2013/05/24,8545583
2013/05/25,8049373
2013/05/26,8373926
2013/05/27,7068475
2013/05/28,6901092
2013/05/29,6286565
2013/05/30,6371017
2013/05/31,8171561
2013/06/01,8588344
2013/06/02,8078432
2013/06/03,6823335
2013/06/04,7035575
2013/06/05,6883297
2013/06/06,6819327
2013/06/07,7949714
2013/06/08,8147674
2013/06/09,7960529
2013/06/10,7630044
2013/06/11,6391327
2013/06/12,6446666
2013/06/13,5903884
2013/06/14,9171709
2013/06/15,9633314
2013/06/16,8594530
2013/06/17,7259330
2013/06/18,6999446
2013/06/19,6726408
2013/06/20,5985432
2013/06/21,7058337
2013/06/22,9067164
2013/06/23,8213332
2013/06/24,7524278
2013/06/25,7269517
2013/06/26,5591855
2013/06/27,8210263
2013/06/28,7841182
2013/06/29,8495869
2013/06/30,8432545
2013/07/01,7492485
2013/07/02,6772615
2013/07/03,7281545
2013/07/04,6838775
2013/07/05,8103119
2013/07/06,8632432
2013/07/07,7614607
2013/07/08,6987000
2013/07/09,6910647
2013/07/10,7123977
2013/07/11,6926279
2013/07/12,8179532
2013/07/13,8553289
2013/07/14,7766840
2013/07/15,7777731
2013/07/16,7266404
2013/07/17,6451290
2013/07/18,6386303
2013/07/19,7425017
2013/07/20,7998970
2013/07/21,7775133
2013/07/22,7284372
2013/07/23,6075632
2013/07/24,6445984
2013/07/25,7094207
2013/07/26,7454865
2013/07/27,7645035
2013/07/28,7629266
2013/07/29,6222969
2013/07/30,6981805
2013/07/31,6534272
2013/08/01,6319751
2013/08/02,7608100
2013/08/03,7758200
2013/08/04,7376271
2013/08/05,6733894
2013/08/06,6046643
2013/08/07,6704757
2013/08/08,6199462
2013/08/09,7109934
2013/08/10,7278872
2013/08/11,6675372
2013/08/12,6742523
2013/08/13,7568024
2013/08/14,6899964
2013/08/15,6550082
2013/08/16,7467894
2013/08/17,8386362
2013/08/18,7156390
2013/08/19,6692769
2013/08/20,6953937
2013/08/21,5902682
2013/08/22,6712476
2013/08/23,7341837
2013/08/24,8066901
2013/08/25,6980765
2013/08/26,6933468
2013/08/27,6531567
2013/08/28,6076235
2013/08/29,6339880
2013/08/30,6790822
2013/08/31,7295027
2013/09/01,7568703
2013/09/02,7083659
2013/09/03,6657500
2013/09/04,6651630
2013/09/05,5798893
2013/09/06,8458239
2013/09/07,8308916
2013/09/08,6138962
2013/09/09,7476331
2013/09/10,6924623
2013/09/11,6729766
2013/09/12,6313257
2013/09/13,8359861
2013/09/14,10388247
2013/09/15,6588823
2013/09/16,4478209
2013/09/17,8184330
2013/09/18,7011992
2013/09/19,7181831
2013/09/20,7848734
2013/09/21,8013257
2013/09/22,8067909
2013/09/23,7736365
2013/09/24,7060587
2013/09/25,6229691
2013/09/26,6936906
2013/09/27,7767273
2013/09/28,7871275
2013/09/29,7638867
2013/09/30,7091892
2013/10/01,6804137
2013/10/02,6386792
2013/10/03,7144951
2013/10/04,7465215
2013/10/05,7383270
2013/10/06,7740210
2013/10/07,6917800
2013/10/08,6964946
2013/10/09,6819535
2013/10/10,6825086
2013/10/11,7585593
2013/10/12,8444003
2013/10/13,7652245
2013/10/14,7747182
2013/10/15,7155111
2013/10/16,5596793
2013/10/17,7230211
2013/10/18,10016931
2013/10/19,10199757
2013/10/20,8638335
2013/10/21,9623435
2013/10/22,7694498
2013/10/23,8127170
2013/10/24,7263179
2013/10/25,7300155
2013/10/26,7668687
2013/10/27,8283017
2013/10/28,7338207
2013/10/29,6237689
2013/10/30,7460206
2013/10/31,7171965
2013/11/01,8422357
2013/11/02,8924202
2013/11/03,8686741
2013/11/04,7982695
2013/11/05,7456113
2013/11/06,7453895
2013/11/07,6759907
2013/11/08,8111876
2013/11/09,8876429
2013/11/10,7208745
2013/11/11,6975967
2013/11/12,6862511
2013/11/13,7048883
2013/11/14,7414107
2013/11/15,6902412
2013/11/16,8856481
2013/11/17,8458208
2013/11/18,7168162
2013/11/19,7123773
2013/11/20,7262075
2013/11/21,8822422
2013/11/22,9243272
2013/11/23,9116996
2013/11/24,8486640
2013/11/25,7158495
2013/11/26,7800209
2013/11/27,7079742
2013/11/28,6788925
2013/11/29,8614759
2013/11/30,9809005
2013/12/01,10379116
2013/12/02,8056947
2013/12/03,7637029
2013/12/04,7221184
2013/12/05,6715511
2013/12/06,8551890
2013/12/07,9309194
2013/12/08,9098763
2013/12/09,8191724
2013/12/10,6468267
2013/12/11,7851654
2013/12/12,7531034
2013/12/13,10077786
2013/12/14,9466538
2013/12/15,8866680
2013/12/16,8091100
2013/12/17,8430191
2013/12/18,7291001
2013/12/19,6503498
2013/12/20,9663780
2013/12/21,12253051
2013/12/22,11477046
2013/12/23,12616485
2013/12/24,14433708
2013/12/25,10943566
2013/12/26,10074400
2013/12/27,12319713
2013/12/28,16867877
2013/12/29,20405633
2013/12/30,26704557
2013/12/31,23850187
2014/01/01,7251838
2014/01/02,7276418
2014/01/03,6535921
2014/01/04,6944917
2014/01/05,7231532
2014/01/06,7277797
2014/01/07,6972031
2014/01/08,6108163
2014/01/09,6500616
2014/01/10,7699932
2014/01/11,8711205
2014/01/12,7705086
2014/01/13,7497961
2014/01/14,7555366
2014/01/15,6155463
2014/01/16,6585776
2014/01/17,7626072
2014/01/18,7670221
2014/01/19,7140153
2014/01/20,7513501
2014/01/21,6512638
2014/01/22,7352318
2014/01/23,6502398
2014/01/24,8225909
2014/01/25,8662378
2014/01/26,7331656
2014/01/27,6924568
2014/01/28,6999629
2014/01/29,7046604
2014/01/30,6229472
2014/01/31,7926930
2014/02/01,8861378
2014/02/02,8035547
2014/02/03,9632880
2014/02/04,5942091
2014/02/05,7605099
2014/02/06,7377008
2014/02/07,12960822
2014/02/08,3578034
2014/02/09,7171762
2014/02/10,9077758
2014/02/11,8716803
2014/02/12,8498815
2014/02/13,11129364
2014/02/14,6054988
2014/02/15,5202889
2014/02/16,10214959
2014/02/17,10604170
2014/02/18,9899622
2014/02/19,7623828
2014/02/20,7494441
2014/02/21,8628906
2014/02/22,9408619
2014/02/23,8630164
2014/02/24,7748708
2014/02/25,7510296
2014/02/26,7473447
2014/02/27,6442848
2014/02/28,8809831
2014/03/01,8726462
2014/03/02,7840457
2014/03/03,9174957
2014/03/04,7508603
2014/03/05,5288924
2014/03/06,7797963
2014/03/07,8335056
2014/03/08,8474355
2014/03/09,8436962
2014/03/10,7817078
2014/03/11,7672424
2014/03/12,7600898
2014/03/13,5892028
2014/03/14,8624772
2014/03/15,8845928
2014/03/16,7932915
2014/03/17,7464610
2014/03/18,6628524
2014/03/19,7520795
2014/03/20,6167531
2014/03/21,8375122
2014/03/22,8219525
2014/03/23,8398272
2014/03/24,7957454
2014/03/25,7540496
2014/03/26,7263503
2014/03/27,5824960
2014/03/28,9199198
2014/03/29,9095971
2014/03/30,7105208
2014/03/31,10771787
2014/04/01,6349237
2014/04/02,6886066
2014/04/03,5008718
2014/04/04,7875677
2014/04/05,8968545
2014/04/06,7418525
2014/04/07,7068177
2014/04/08,6771386
2014/04/09,6737939
2014/04/10,6747157
2014/04/11,7806349
2014/04/12,8129053
2014/04/13,7467454
2014/04/14,6688154
2014/04/15,6860776
2014/04/16,6988146
2014/04/17,6939175
2014/04/18,7475094
2014/04/19,8938498
2014/04/20,8961217
2014/04/21,6723580
2014/04/22,6742403
2014/04/23,7131015
2014/04/24,7077589
2014/04/25,7949788
2014/04/26,8118084
2014/04/27,7926387
2014/04/28,8266085
2014/04/29,6924996
2014/04/30,6206128
2014/05/01,7923074
2014/05/02,8705882
2014/05/03,7942344
2014/05/04,8139344
2014/05/05,7895614
2014/05/06,7100009
2014/05/07,7477075
2014/05/08,7108510
2014/05/09,8214228
2014/05/10,8971029
2014/05/11,8989791
2014/05/12,6927157
2014/05/13,6354026
2014/05/14,6687505
2014/05/15,6811750
2014/05/16,8217171
2014/05/17,8317126
2014/05/18,8126307
2014/05/19,7133882
2014/05/20,7012196
2014/05/21,5887404
2014/05/22,6365245
2014/05/23,8554385
2014/05/24,8707134
2014/05/25,8049059
2014/05/26,6881010
2014/05/27,6727334
2014/05/28,6957394
2014/05/29,6383388
2014/05/30,8088583
2014/05/31,7710706
2014/06/01,8209749
2014/06/02,7300642
2014/06/03,7209703
2014/06/04,7623064
2014/06/05,5882577
2014/06/06,5853941
2014/06/07,8001020
2014/06/08,8472058
2014/06/09,7256731
2014/06/10,7397914
2014/06/11,6309061
2014/06/12,6985447
2014/06/13,8773455
2014/06/14,10018413
2014/06/15,9161637
2014/06/16,7405365
2014/06/17,7035645
2014/06/18,7166721
2014/06/19,6807862
2014/06/20,7548244
2014/06/21,9129515
2014/06/22,8257788
2014/06/23,7835778
2014/06/24,6000848
2014/06/25,7701452
2014/06/26,7716838
2014/06/27,8912967
2014/06/28,8579772
2014/06/29,8997882
2014/06/30,7947625
2014/07/01,7222661
2014/07/02,7421205
2014/07/03,7175406
2014/07/04,7403263
2014/07/05,8158976
2014/07/06,8602838
2014/07/07,6785215
2014/07/08,8190261
2014/07/09,6990054
2014/07/10,7262541
2014/07/11,7201086
2014/07/12,9678930
2014/07/13,8636659
2014/07/14,7136073
2014/07/15,7080066
2014/07/16,6612925
2014/07/17,6846800
2014/07/18,7336331
2014/07/19,7813689
2014/07/20,7003854
2014/07/21,7566651
2014/07/22,6973800
2014/07/23,6729277
2014/07/24,6080455
2014/07/25,8093374
2014/07/26,8506388
2014/07/27,7590049
2014/07/28,7770031
2014/07/29,8173141
2014/07/30,6960206
2014/07/31,6373707
2014/08/01,7439615
2014/08/02,7933944
2014/08/03,7651566
2014/08/04,6767327
2014/08/05,6239641
2014/08/06,6864321
2014/08/07,6774522
2014/08/08,8512137
2014/08/09,8118635
2014/08/10,5145157
2014/08/11,7902588
2014/08/12,7071979
2014/08/13,7566607
2014/08/14,6829364
2014/08/15,8375993
2014/08/16,7739439
2014/08/17,7588516
2014/08/18,7136751
2014/08/19,6814135
2014/08/20,6945936
2014/08/21,6520337
2014/08/22,8253629
2014/08/23,8760536
2014/08/24,7781626
2014/08/25,7278078
2014/08/26,6595172
2014/08/27,6388133
2014/08/28,5986068
2014/08/29,7663993
2014/08/30,8259548
2014/08/31,7569649
2014/09/01,5729949
2014/09/02,7491131
2014/09/03,7395311
2014/09/04,7408588
2014/09/05,7725524
2014/09/06,8179585
2014/09/07,8122287
2014/09/08,7156911
2014/09/09,7207405
2014/09/10,6662449
2014/09/11,6638995
2014/09/12,9107151
2014/09/13,9535187
2014/09/14,8932739
2014/09/15,8079854
2014/09/16,7408664
2014/09/17,7484091
2014/09/18,6771930
2014/09/19,7913635
2014/09/20,8863071
2014/09/21,8264903
2014/09/22,7787516
2014/09/23,7775715
2014/09/24,7086432
2014/09/25,6124077
2014/09/26,9042831
2014/09/27,8270506
2014/09/28,8390225
2014/09/29,7685058
2014/09/30,7173492
2014/10/01,6951760
2014/10/02,7537075
2014/10/03,8063106
2014/10/04,10604497
2014/10/05,5514374
2014/10/06,5916254
2014/10/07,7878007
2014/10/08,7367463
2014/10/09,7168786
2014/10/10,8786549
2014/10/11,9621585
2014/10/12,9450136
2014/10/13,5496423
2014/10/14,6340483
2014/10/15,6815733
2014/10/16,7785250
2014/10/17,10452514
2014/10/18,11468861
2014/10/19,10412799
2014/10/20,7320603
2014/10/21,6956601
2014/10/22,5638499
2014/10/23,7151287
2014/10/24,8678834
2014/10/25,8956323
2014/10/26,8660142
2014/10/27,7551254
2014/10/28,7353942
2014/10/29,7585843
2014/10/30,7212692
2014/10/31,8953218
2014/11/01,7563991
2014/11/02,9159053
2014/11/03,8559286
2014/11/04,7514684
2014/11/05,7110092
2014/11/06,6431340
2014/11/07,8349699
2014/11/08,8638056
2014/11/09,7452152
2014/11/10,7322116
2014/11/11,6845396
2014/11/12,7324037
2014/11/13,7147032
2014/11/14,8191065
2014/11/15,8487522
2014/11/16,8536375
2014/11/17,7259945
2014/11/18,7177769
2014/11/19,7632133
2014/11/20,7325971
2014/11/21,9343255
2014/11/22,9709028
2014/11/23,8932567
2014/11/24,8249167
2014/11/25,6363813
2014/11/26,6522577
2014/11/27,8160875
2014/11/28,8680502
2014/11/29,8623391
2014/11/30,9120383
2014/12/01,6723019
2014/12/02,7773265
2014/12/03,7891721
2014/12/04,6511752
2014/12/05,8896319
2014/12/06,9351780
2014/12/07,11058614
2014/12/08,7929002
2014/12/09,7790152
2014/12/10,8030761
2014/12/11,6991689
2014/12/12,9475666
2014/12/13,9494084
2014/12/14,9171016
2014/12/15,8860988
2014/12/16,6717564
2014/12/17,8546040
2014/12/18,8770954
2014/12/19,10360032
2014/12/20,9534301
2014/12/21,11189509
2014/12/22,11218108
2014/12/23,13502588
2014/12/24,14831038
2014/12/25,10968006
2014/12/26,12061253
2014/12/27,14147306
2014/12/28,17459232
2014/12/29,17542652
2014/12/30,28193079
2014/12/31,24954742
2015/01/01,7665133
2015/01/02,8353722
2015/01/03,6916645
2015/01/04,6945645
2015/01/05,7308914
2015/01/06,6095956
2015/01/07,7169516
2015/01/08,7032856
2015/01/09,7994542
2015/01/10,8734850
2015/01/11,7826743
2015/01/12,7470602
2015/01/13,7081061
2015/01/14,7181731
2015/01/15,4826146
2015/01/16,8366792
2015/01/17,8623714
2015/01/18,8559779
2015/01/19,7435006
2015/01/20,7059134
2015/01/21,6132411
2015/01/22,5828493
2015/01/23,8729278
2015/01/24,8953200
2015/01/25,9263216
2015/01/26,7864772
2015/01/27,6725181
2015/01/28,7226483
2015/01/29,8406977
2015/01/30,4959066
2015/01/31,9675351
2015/02/01,8978110
2015/02/02,8159616
2015/02/03,10111439
2015/02/04,8951901
2015/02/05,5103971
2015/02/06,8917428
2015/02/07,9143288
2015/02/08,7562168
2015/02/09,8173668
2015/02/10,8300185
2015/02/11,8720424
2015/02/12,8280984
2015/02/13,9614864
2015/02/14,9850336
2015/02/15,8480583
2015/02/16,8135022
2015/02/17,6212408
2015/02/18,6013636
2015/02/19,7728748
2015/02/20,8615529
2015/02/21,9510441
2015/02/22,8013955
2015/02/23,6919366
2015/02/24,7626405
2015/02/25,8015402
2015/02/26,5794835
2015/02/27,8712707
2015/02/28,10016665
2015/03/01,6773418
2015/03/02,8831050
2015/03/03,8646365
2015/03/04,7286918
2015/03/05,6961167
2015/03/06,7882533
2015/03/07,8129921
2015/03/08,7978498
2015/03/09,6363252
2015/03/10,7477181
2015/03/11,7821648
2015/03/12,7158753
2015/03/13,8305501
2015/03/14,9306983
2015/03/15,8382394
2015/03/16,6730391
2015/03/17,7312612
2015/03/18,7235297
2015/03/19,6297155
2015/03/20,8512567
2015/03/21,9264391
2015/03/22,8061386
2015/03/23,7274757
2015/03/24,7203873
2015/03/25,7082922
2015/03/26,7411546
2015/03/27,8773445
2015/03/28,9235096
2015/03/29,8430608
2015/03/30,7615372
2015/03/31,7275907
2015/04/01,7260714
2015/04/02,7881148
2015/04/03,8143651
2015/04/04,10011973
2015/04/05,7997513
2015/04/06,7516584
2015/04/07,6614880
2015/04/08,6386602
2015/04/09,7894703
2015/04/10,7753739
2015/04/11,8929869
2015/04/12,9298844
2015/04/13,5747704
2015/04/14,6696962
2015/04/15,7924626
2015/04/16,7600279
2015/04/17,8138617
2015/04/18,9308818
2015/04/19,8448809
2015/04/20,6114874
2015/04/21,7659892
2015/04/22,7130247
2015/04/23,7241479
2015/04/24,7999499
2015/04/25,8885370
2015/04/26,8803260
2015/04/27,7487773
2015/04/28,7461680
2015/04/29,7540153
2015/04/30,7647027
2015/05/01,8679549
2015/05/02,8331855
2015/05/03,9394642
2015/05/04,8345481
2015/05/05,8741439
2015/05/06,8292817
2015/05/07,7826852
2015/05/08,9103791
2015/05/09,9610615
2015/05/10,10173857
2015/05/11,7951507
2015/05/12,6340891
2015/05/13,7249225
2015/05/14,7233798
2015/05/15,8225143
2015/05/16,9333109
2015/05/17,8509388
2015/05/18,7290789
2015/05/19,7084588
2015/05/20,7285967
2015/05/21,7204585
2015/05/22,8802592
2015/05/23,8642470
2015/05/24,8792373
2015/05/25,7610035
2015/05/26,7437786
2015/05/27,7198215
2015/05/28,6997153
2015/05/29,7805862
2015/05/30,8561040
2015/05/31,8547886
2015/06/01,7597531
2015/06/02,7386812
2015/06/03,6866780
2015/06/04,7606422
2015/06/05,8041701
2015/06/06,9425696
2015/06/07,8900284
2015/06/08,7797804
2015/06/09,6659887
2015/06/10,7608633
2015/06/11,7281010
2015/06/12,8081262
2015/06/13,8689903
2015/06/14,8045439
2015/06/15,7381909
2015/06/16,7500723
2015/06/17,7423686
2015/06/18,7528375
2015/06/19,7794748
2015/06/20,11003869
2015/06/21,9952853
2015/06/22,7591016
2015/06/23,7038167
2015/06/24,7270883
2015/06/25,7847703
2015/06/26,7422929
2015/06/27,8909107
2015/06/28,8408942
2015/06/29,7924486
2015/06/30,7843528
2015/07/01,6821323
2015/07/02,7265405
2015/07/03,7400020
2015/07/04,8889686
2015/07/05,8644712
2015/07/06,6438591
2015/07/07,7431968
2015/07/08,6636769
2015/07/09,6593366
2015/07/10,9029067
2015/07/11,9178324
2015/07/12,8431305
2015/07/13,7598888
2015/07/14,7018153
2015/07/15,7627410
2015/07/16,5874831
2015/07/17,7490988
2015/07/18,7931680
2015/07/19,8536088
2015/07/20,7393220
2015/07/21,7077910
2015/07/22,7301951
2015/07/23,6718133
2015/07/24,8547993
2015/07/25,8377741
2015/07/26,7482228
2015/07/27,7059303
2015/07/28,6652316
2015/07/29,7087775
2015/07/30,6495324
2015/07/31,8100456
2015/08/01,8238661
2015/08/02,7874024
2015/08/03,7077396
2015/08/04,6900142
2015/08/05,6981241
2015/08/06,6274980
2015/08/07,7227716
2015/08/08,7994647
2015/08/09,7599319
2015/08/10,6661863
2015/08/11,7544896
2015/08/12,7462438
2015/08/13,7024928
2015/08/14,8133023
2015/08/15,8125946
2015/08/16,7313907
2015/08/17,6045083
2015/08/18,7696215
2015/08/19,6727190
2015/08/20,6416770
2015/08/21,8081480
2015/08/22,9076657
2015/08/23,7524867
2015/08/24,6995222
2015/08/25,6835065
2015/08/26,6103770
2015/08/27,6718354
2015/08/28,6901860
2015/08/29,7748606
2015/08/30,7514102
2015/08/31,7108320
2015/09/01,6490294
2015/09/02,7104018
2015/09/03,6913313
2015/09/04,7714115
2015/09/05,8903158
2015/09/06,8006492
2015/09/07,6876567
2015/09/08,6045188
2015/09/09,5084410
2015/09/10,6618980
2015/09/11,9162843
2015/09/12,9003942
2015/09/13,8742230
2015/09/14,7303225
2015/09/15,7329062
2015/09/16,7213440
2015/09/17,5458097
2015/09/18,8241960
2015/09/19,9121093
2015/09/20,8511377
2015/09/21,7786024
2015/09/22,7734286
2015/09/23,7257740
2015/09/24,7295813
2015/09/25,6634681
2015/09/26,8554385
2015/09/27,8001934
2015/09/28,7511283
2015/09/29,6926145
2015/09/30,7562088
2015/10/01,6865049
2015/10/02,8078418
2015/10/03,8631117
2015/10/04,8442262
2015/10/05,7438091
2015/10/06,6921585
2015/10/07,6841884
2015/10/08,6812327
2015/10/09,8267854
2015/10/10,8585568
2015/10/11,7668818
2015/10/12,7588501
2015/10/13,7298222
2015/10/14,6805670
2015/10/15,7199846
2015/10/16,8960950
2015/10/17,11147547
2015/10/18,10037383
2015/10/19,6952438
2015/10/20,7390858
2015/10/21,7278690
2015/10/22,7056946
2015/10/23,7824487
2015/10/24,8318244
2015/10/25,8161515
2015/10/26,7360357
2015/10/27,6884341
2015/10/28,7451477
2015/10/29,7218189
2015/10/30,8157633
2015/10/31,8234677
2015/11/01,8300627
2015/11/02,6844234
2015/11/03,8233717
2015/11/04,7466535
2015/11/05,6955481
2015/11/06,8325691
2015/11/07,8731950
2015/11/08,7244944
2015/11/09,7422314
2015/11/10,6342611
2015/11/11,7567852
2015/11/12,7085524
2015/11/13,7722755
2015/11/14,7591256
2015/11/15,8160223
2015/11/16,7670843
2015/11/17,7161249
2015/11/18,6598575
2015/11/19,8762457
2015/11/20,8545625
2015/11/21,10070647
2015/11/22,9050969
2015/11/23,7201233
2015/11/24,7448194
2015/11/25,6624312
2015/11/26,7454342
2015/11/27,8941017
2015/11/28,9768189
2015/11/29,9162057
2015/11/30,8429297
2015/12/01,7659632
2015/12/02,7936941
2015/12/03,7021957
2015/12/04,9397014
2015/12/05,9594413
2015/12/06,10671363
2015/12/07,8151187
2015/12/08,7959339
2015/12/09,7748292
2015/12/10,7892107
2015/12/11,7662413
2015/12/12,10284491
2015/12/13,8348276
2015/12/14,8627059
2015/12/15,8566021
2015/12/16,8281777
2015/12/17,8357892
2015/12/18,10122590
2015/12/19,10744496
2015/12/20,10334476
2015/12/21,10532043
2015/12/22,11017135
2015/12/23,12326571
2015/12/24,15024439
2015/12/25,12613896
2015/12/26,12376654
2015/12/27,13679779
2015/12/28,15900099
2015/12/29,20579909
2015/12/30,28435472
2015/12/31,25758521
2016/01/01,8419169
2016/01/02,7642242
2016/01/03,6859538
2016/01/04,6758920
2016/01/05,6849002
2016/01/06,7404230
2016/01/07,7097618
2016/01/08,7557631
2016/01/09,8319755
2016/01/10,8151704
2016/01/11,7430719
2016/01/12,6658849
2016/01/13,7465857
2016/01/14,6683137
2016/01/15,7828226
2016/01/16,8431568
2016/01/17,8661651
2016/01/18,4876535
2016/01/19,7836273
2016/01/20,7874519
2016/01/21,7766349
2016/01/22,9249972
2016/01/23,9457555
2016/01/24,7575060
2016/01/25,7528547
2016/01/26,7321334
2016/01/27,7563508
2016/01/28,7717522
2016/01/29,7989860
2016/01/30,8307310
2016/01/31,8199356
2016/02/01,7750572
2016/02/02,8036918
2016/02/03,10476643
2016/02/04,7434971
2016/02/05,9506086
2016/02/06,9764948
2016/02/07,8666572
2016/02/08,7816020
2016/02/09,7754876
2016/02/10,8094953
2016/02/11,7984214
2016/02/12,9449782
2016/02/13,10338791
2016/02/14,8553353
2016/02/15,7496345
2016/02/16,8098802
2016/02/17,7696219
2016/02/18,7520985
2016/02/19,9162622
2016/02/20,8045326
2016/02/21,9173961
2016/02/22,7588188
2016/02/23,7568007
2016/02/24,7719311
2016/02/25,7386396
2016/02/26,8108518
2016/02/27,9217036
2016/02/28,8899172
2016/02/29,7115533
2016/03/01,7849323
2016/03/02,7983098
2016/03/03,9204563
2016/03/04,7552899
2016/03/05,8720847
2016/03/06,8039000
2016/03/07,6272976
2016/03/08,7505942
2016/03/09,5682862
2016/03/10,7631310
2016/03/11,7676964
2016/03/12,9414593
2016/03/13,9346536
2016/03/14,6003368
2016/03/15,8054772
2016/03/16,7738609
2016/03/17,7127988
2016/03/18,8532628
2016/03/19,8563411
2016/03/20,8776782
2016/03/21,7640337
2016/03/22,7637707
2016/03/23,7331452
2016/03/24,7039384
2016/03/25,8839014
2016/03/26,10052848
2016/03/27,8473829
2016/03/28,6914733
2016/03/29,7295090
2016/03/30,7626575
2016/03/31,7648292
2016/04/01,7716960
2016/04/02,9895050
2016/04/03,9427852
2016/04/04,6815338
2016/04/05,7331398
2016/04/06,7883106
2016/04/07,5826846
2016/04/08,9064303
2016/04/09,9084110
2016/04/10,9140375
2016/04/11,7279328
2016/04/12,7028472
2016/04/13,7503282
2016/04/14,6760101
2016/04/15,8690819
2016/04/16,9630724
2016/04/17,7187617
2016/04/18,7438970
2016/04/19,7492934
2016/04/20,8162572
2016/04/21,6629353
2016/04/22,8055245
2016/04/23,8966914
2016/04/24,7743544
2016/04/25,7593398
2016/04/26,7367847
2016/04/27,7268913
2016/04/28,6356351
2016/04/29,8044467
2016/04/30,8430357
2016/05/01,7777512
2016/05/02,8696800
2016/05/03,7508630
2016/05/04,6966347
2016/05/05,9266169
2016/05/06,8519089
2016/05/07,9993324
2016/05/08,9094103
2016/05/09,6987146
2016/05/10,6820861
2016/05/11,6660787
2016/05/12,6787139
2016/05/13,7859550
2016/05/14,8478807
2016/05/15,8322443
2016/05/16,7298098
2016/05/17,5855653
2016/05/18,7469694
2016/05/19,7105670
2016/05/20,8040565
2016/05/21,8374076
2016/05/22,8502300
2016/05/23,7452454
2016/05/24,7192260
2016/05/25,6884486
2016/05/26,7173282
2016/05/27,8082023
2016/05/28,8672403
2016/05/29,7922472
2016/05/30,6196774
2016/05/31,7628011
2016/06/01,7328987
2016/06/02,7425010
2016/06/03,8072370
2016/06/04,8954945
2016/06/05,8228708
2016/06/06,8170270
2016/06/07,6899183
2016/06/08,7204688
2016/06/09,6788422
2016/06/10,8460582
2016/06/11,9257464
2016/06/12,8910801
2016/06/13,5659431
2016/06/14,7354122
2016/06/15,7621104
2016/06/16,6839572
2016/06/17,8578442
2016/06/18,10627945
2016/06/19,9975715
2016/06/20,7317492
2016/06/21,6338898
2016/06/22,7549538
2016/06/23,6987050
2016/06/24,8340110
2016/06/25,8741313
2016/06/26,8135368
2016/06/27,7740714
2016/06/28,6447609
2016/06/29,7660866
2016/06/30,7443535
2016/07/01,7757777
2016/07/02,8705522
2016/07/03,8116027
2016/07/04,6881905
2016/07/05,7411853
2016/07/06,7345261
2016/07/07,6999687
2016/07/08,8619919
2016/07/09,7729464
2016/07/10,9069267
2016/07/11,7034778
2016/07/12,7438674
2016/07/13,6581600
2016/07/14,6313299
2016/07/15,7125784
2016/07/16,8758207
2016/07/17,7575916
2016/07/18,6990399
2016/07/19,7303457
2016/07/20,7215435
2016/07/21,5787173
2016/07/22,7255823
2016/07/23,8022006
2016/07/24,8151675
2016/07/25,6947758
2016/07/26,6747542
2016/07/27,7303700
2016/07/28,6648846
2016/07/29,7818884
2016/07/30,9768899
2016/07/31,8240592
2016/08/01,6328092
2016/08/02,6659981
2016/08/03,6659538
2016/08/04,6741986
2016/08/05,7190569
2016/08/06,7891153
2016/08/07,7200386
2016/08/08,7333157
2016/08/09,6298669
2016/08/10,6911698
2016/08/11,7348563
2016/08/12,8009555
2016/08/13,7371088
2016/08/14,8166719
2016/08/15,7763886
2016/08/16,7107522
2016/08/17,6253107
2016/08/18,5849430
2016/08/19,8106843
2016/08/20,7824128
2016/08/21,8414072
2016/08/22,3408340
2016/08/23,8086819
2016/08/24,6512523
2016/08/25,6781225
2016/08/26,7905994
2016/08/27,7975983
2016/08/28,8420035
2016/08/29,6517770
2016/08/30,5764152
2016/08/31,6772611
2016/09/01,6965060
2016/09/02,7392948
2016/09/03,8681737
2016/09/04,7531274
2016/09/05,7176298
2016/09/06,7305382
2016/09/07,7254082
2016/09/08,5452685
2016/09/09,8493256
2016/09/10,8956665
2016/09/11,8071466
2016/09/12,7176851
2016/09/13,5968875
2016/09/14,7242297
2016/09/15,7048020
2016/09/16,8000233
2016/09/17,9011224
2016/09/18,7896184
2016/09/19,6867456
2016/09/20,5759187
2016/09/21,7740625
2016/09/22,5900174
2016/09/23,8276445
2016/09/24,7977230
2016/09/25,8608413
2016/09/26,7489358
2016/09/27,7204302
2016/09/28,6801776
2016/09/29,6998737
2016/09/30,8399304
2016/10/01,8448452
2016/10/02,7974024
2016/10/03,7334703
2016/10/04,7344296
2016/10/05,6676289
2016/10/06,6364910
2016/10/07,8399608
2016/10/08,8157148
2016/10/09,8465806
2016/10/10,7234112
2016/10/11,7047581
2016/10/12,7198922
2016/10/13,6739648
2016/10/14,10961560
2016/10/15,11603663
2016/10/16,9556863
2016/10/17,6688616
2016/10/18,7581204
2016/10/19,6997188
2016/10/20,6959578
2016/10/21,7885727
2016/10/22,8695401
2016/10/23,7893489
2016/10/24,6930053
2016/10/25,6420092
2016/10/26,7001752
2016/10/27,6983864
2016/10/28,6948102
2016/10/29,9394841
2016/10/30,8461763
2016/10/31,6966610
2016/11/01,6913919
2016/11/02,7655454
2016/11/03,7648656
2016/11/04,7962183
2016/11/05,8155343
2016/11/06,7845751
2016/11/07,7052850
2016/11/08,6820937
2016/11/09,6743612
2016/11/10,7182275
2016/11/11,7168625
2016/11/12,9596402
2016/11/13,9030384
2016/11/14,6474805
2016/11/15,6904786
2016/11/16,6799377
2016/11/17,8401822
2016/11/18,8827525
2016/11/19,8653888
2016/11/20,8773965
2016/11/21,6512881
2016/11/22,8198355
2016/11/23,7885450
2016/11/24,4910725
2016/11/25,8973125
2016/11/26,9852520
2016/11/27,7829341
2016/11/28,7136762
2016/11/29,7462259
2016/11/30,8131397
2016/12/01,7086035
2016/12/02,8429941
2016/12/03,8723924
2016/12/04,9397228
2016/12/05,7422384
2016/12/06,7480111
2016/12/07,7374721
2016/12/08,7077461
2016/12/09,7991490
2016/12/10,9285012
2016/12/11,9467038
2016/12/12,7916622
2016/12/13,7003449
2016/12/14,7179648
2016/12/15,8014017
2016/12/16,8661645
2016/12/17,9415086
2016/12/18,8824976
2016/12/19,9040463
2016/12/20,8263420
2016/12/21,8721164
2016/12/22,9765492
2016/12/23,12620737
2016/12/24,16793897
2016/12/25,12344377
2016/12/26,11045833
2016/12/27,10053457
2016/12/28,15957911
2016/12/29,19550293
2016/12/30,26231300
2016/12/31,25929272
2017/01/01,9084581
2017/01/02,7967356
2017/01/03,6473446
2017/01/04,5912114
2017/01/05,6520216
2017/01/06,8126094
2017/01/07,8572890
2017/01/08,6723329
2017/01/09,7720846
2017/01/10,7263179
2017/01/11,6677109
2017/01/12,6936312
2017/01/13,7911204
2017/01/14,8391148
2017/01/15,6749969
2017/01/16,7191749
2017/01/17,6729934
2017/01/18,7059399
2017/01/19,7291711
2017/01/20,6420400
2017/01/21,7543956
2017/01/22,7850137
2017/01/23,7364315
2017/01/24,6707184
2017/01/25,6954875
2017/01/26,6926705
2017/01/27,7892409
2017/01/28,8873491
2017/01/29,8314607
2017/01/30,6973459
2017/01/31,6890041
2017/02/01,7060848
2017/02/02,7430244
2017/02/03,10584856
2017/02/04,9030486
2017/02/05,7698722
2017/02/06,7194654
2017/02/07,7118480
2017/02/08,7585534
2017/02/09,5768130
2017/02/10,8969155
2017/02/11,9520013
2017/02/12,9117572
2017/02/13,8526095
2017/02/14,7776846
2017/02/15,7228098
2017/02/16,6827878
2017/02/17,7672234
2017/02/18,8409489
2017/02/19,7993542
2017/02/20,6271434
2017/02/21,7384380
2017/02/22,7597068
2017/02/23,6138053
2017/02/24,8827808
2017/02/25,8878309
2017/02/26,9077709
2017/02/27,6912822
2017/02/28,6758584
2017/03/01,7035141
2017/03/02,6678831
2017/03/03,10200655
2017/03/04,9266699
2017/03/05,8708555
2017/03/06,6670378
2017/03/07,6975937
2017/03/08,6471172
2017/03/09,6642380
2017/03/10,8206722
2017/03/11,9281176
2017/03/12,8837389
2017/03/13,7492084
2017/03/14,6704964
2017/03/15,6541601
2017/03/16,6062591
2017/03/17,7571469
2017/03/18,7910623
2017/03/19,7702393
2017/03/20,7248114
2017/03/21,5544233
2017/03/22,7269788
2017/03/23,6486611
2017/03/24,7820530
2017/03/25,9439502
2017/03/26,6865736
2017/03/27,6480541
2017/03/28,6980188
2017/03/29,6595191
2017/03/30,7194429
2017/03/31,7112333
2017/04/01,8305131
2017/04/02,8616410
2017/04/03,7195050
2017/04/04,7002355
2017/04/05,6713074
2017/04/06,7016129
2017/04/07,8487423
2017/04/08,9098972
2017/04/09,8047138
2017/04/10,7574744
2017/04/11,4932549
2017/04/12,7584871
2017/04/13,7166386
2017/04/14,7945762
2017/04/15,8330768
2017/04/16,8212164
2017/04/17,6634318
2017/04/18,6778497
2017/04/19,7147545
2017/04/20,7052434
2017/04/21,7513581
2017/04/22,7539708
2017/04/23,8014986
2017/04/24,7466295
2017/04/25,7164832
2017/04/26,6888396
2017/04/27,6628213
2017/04/28,8552261
2017/04/29,8393394
2017/04/30,8703370
2017/05/01,7074512
2017/05/02,8562427
2017/05/03,7421411
2017/05/04,6815722
2017/05/05,7914243
2017/05/06,8166595
2017/05/07,8030430
2017/05/08,7389319
2017/05/09,6806168
2017/05/10,6131016
2017/05/11,6834315
2017/05/12,9225343
2017/05/13,7885802
2017/05/14,10184012
2017/05/15,7154019
2017/05/16,6746951
2017/05/17,6892819
2017/05/18,5874441
2017/05/19,8411737
2017/05/20,8527436
2017/05/21,7750579
2017/05/22,6919086
2017/05/23,6716166
2017/05/24,6720473
2017/05/25,6861992
2017/05/26,8590542
2017/05/27,8769357
2017/05/28,8447826
2017/05/29,6764670
2017/05/30,6184292
2017/05/31,6664289
2017/06/01,6712437
2017/06/02,8091078
2017/06/03,8671977
2017/06/04,8541994
2017/06/05,7029468
2017/06/06,7140294
2017/06/07,6823215
2017/06/08,6602195
2017/06/09,7385197
2017/06/10,8471920
2017/06/11,8409588
2017/06/12,7796018
2017/06/13,5881565
2017/06/14,7590522
2017/06/15,7416477
2017/06/16,8781490
2017/06/17,9640377
2017/06/18,9061293
2017/06/19,7269366
2017/06/20,7287150
2017/06/21,5470147
2017/06/22,7294424
2017/06/23,8684953
2017/06/24,9565692
2017/06/25,8360977
2017/06/26,7218719
2017/06/27,6879924
2017/06/28,6569177
2017/06/29,6744523
2017/06/30,7731042
2017/07/01,8820051
2017/07/02,8565834
2017/07/03,7156824
2017/07/04,7087522
2017/07/05,6986831
2017/07/06,6835064
2017/07/07,7697961
2017/07/08,7822781
2017/07/09,7821143
2017/07/10,6915403
2017/07/11,6915927
2017/07/12,7136284
2017/07/13,6722641
2017/07/14,7639921
2017/07/15,7865927
2017/07/16,7155231
2017/07/17,6553107
2017/07/18,6684768
2017/07/19,6950201
2017/07/20,6376083
2017/07/21,7472889
2017/07/22,8129536
2017/07/23,7558456
2017/07/24,6848959
2017/07/25,8028433
2017/07/26,5930942
2017/07/27,6487666
2017/07/28,6687596
2017/07/29,6532977
2017/07/30,7445651
2017/07/31,6543885
2017/08/01,5537669
2017/08/02,6909815
2017/08/03,7198898
2017/08/04,7879228
2017/08/05,7691738
2017/08/06,7719635
2017/08/07,6799529
2017/08/08,6089841
2017/08/09,6536845
2017/08/10,7217427
2017/08/11,7594868
2017/08/12,7979807
2017/08/13,7018458
2017/08/14,6281150
2017/08/15,5927984
2017/08/16,6008139
2017/08/17,7161341
2017/08/18,7225307
2017/08/19,7203792
2017/08/20,7436440
2017/08/21,6640201
2017/08/22,6677328
2017/08/23,6202526
2017/08/24,6527557
2017/08/25,7670069
2017/08/26,7977912
2017/08/27,8404743
2017/08/28,6436734
2017/08/29,5784700
2017/08/30,6817130
2017/08/31,6544980
2017/09/01,8184651
2017/09/02,8118137
2017/09/03,8120553
2017/09/04,6291157
2017/09/05,7021120
2017/09/06,6315625
2017/09/07,6411681
2017/09/08,7984791
2017/09/09,8127902
2017/09/10,7469078
2017/09/11,6794800
2017/09/12,5992097
2017/09/13,7046524
2017/09/14,6974819
2017/09/15,8166620
2017/09/16,8340145
2017/09/17,5366588
2017/09/18,6991530
2017/09/19,7082731
2017/09/20,6530454
2017/09/21,6573899
2017/09/22,7456000
2017/09/23,9299323
2017/09/24,8461075
2017/09/25,6848474
2017/09/26,6563771
2017/09/27,6485734
2017/09/28,5639619
2017/09/29,7593973
2017/09/30,7641104
2017/10/01,7432655
2017/10/02,6761991
2017/10/03,6360850
2017/10/04,6974912
2017/10/05,6518636
2017/10/06,7040638
2017/10/07,8488007
2017/10/08,7424832
2017/10/09,7032238
2017/10/10,6681303
2017/10/11,6450688
2017/10/12,6216013
2017/10/13,10664096
2017/10/14,11855380
2017/10/15,10345179
2017/10/16,6201619
2017/10/17,7432877
2017/10/18,7781053
2017/10/19,5658232
2017/10/20,8321555
2017/10/21,9188832
2017/10/22,4913514
2017/10/23,6324407
2017/10/24,7500400
2017/10/25,6150032
2017/10/26,7114786
2017/10/27,8460468
2017/10/28,7541565
2017/10/29,5417957
2017/10/30,7320736
2017/10/31,7287300
2017/11/01,7071074
2017/11/02,7615028
2017/11/03,8347214
2017/11/04,8266504
2017/11/05,7453035
2017/11/06,6876123
2017/11/07,6510500
2017/11/08,6338993
2017/11/09,6451470
2017/11/10,8300763
2017/11/11,8380212
2017/11/12,8902305
2017/11/13,6406856
2017/11/14,6127732
2017/11/15,7209697
2017/11/16,7943798
2017/11/17,8541479
2017/11/18,7584968
2017/11/19,8292595
2017/11/20,6651264
2017/11/21,7099091
2017/11/22,6791208
2017/11/23,6347230
2017/11/24,7666301
2017/11/25,8039780
2017/11/26,7589569
2017/11/27,7054054
2017/11/28,7116987
2017/11/29,7135175
2017/11/30,6341193
2017/12/01,8304689
2017/12/02,7984943
2017/12/03,7798326
2017/12/04,7068800
2017/12/05,7052604
2017/12/06,7247394
2017/12/07,6613389
2017/12/08,7572632
2017/12/09,7882338
2017/12/10,7639032
2017/12/11,7476376
2017/12/12,6505813
2017/12/13,6869087
2017/12/14,6906541
2017/12/15,8185313
2017/12/16,9132344
2017/12/17,9088025
2017/12/18,7908724
2017/12/19,8104192
2017/12/20,7976778
2017/12/21,7928685
2017/12/22,10601091
2017/12/23,12415729
2017/12/24,14433067
2017/12/25,10046687
2017/12/26,9950921
2017/12/27,10794282
2017/12/28,14559963
2017/12/29,18730769
2017/12/30,24367427
2017/12/31,25406976
2018/01/01,8270311
2018/01/02,7398667
2018/01/03,6140542
2018/01/04,5932232
2018/01/05,6648091
2018/01/06,7638677
2018/01/07,7037860
2018/01/08,5732807
2018/01/09,7217341
2018/01/10,6348277
2018/01/11,6914113
2018/01/12,7470151
2018/01/13,7930309
2018/01/14,7938435
2018/01/15,6257340
2018/01/16,7481199
2018/01/17,5256753
2018/01/18,6646419
2018/01/19,7107307
2018/01/20,7922289
2018/01/21,8071403
2018/01/22,4604212
2018/01/23,5387397
2018/01/24,7294192
2018/01/25,6571054
2018/01/26,7756678
2018/01/27,8824143
2018/01/28,7432591
2018/01/29,6770443
2018/01/30,8432025
2018/01/31,7034005
2018/02/01,6551754
2018/02/02,5526649
2018/02/03,10489269
2018/02/04,7117780
2018/02/05,6502765
2018/02/06,8575516
2018/02/07,6509194
2018/02/08,7050401
2018/02/09,8071895
2018/02/10,8249434
2018/02/11,8000485
2018/02/12,7205679
2018/02/13,9373012
2018/02/14,7169103
2018/02/15,7228756
2018/02/16,7387617
2018/02/17,8559896
2018/02/18,7896170
2018/02/19,6912695
2018/02/20,8381263
2018/02/21,6477185
2018/02/22,5873595
2018/02/23,7467650
2018/02/24,8232914
2018/02/25,6641430
2018/02/26,6359946
2018/02/27,8981409
2018/02/28,6708414
2018/03/01,5829047
2018/03/02,7983335
2018/03/03,9603966
2018/03/04,7140480
2018/03/05,5088038
2018/03/06,6901887
2018/03/07,6458157
2018/03/08,4903775
2018/03/09,6514130
2018/03/10,8307033
2018/03/11,7559994
2018/03/12,6246497
2018/03/13,6798882
2018/03/14,6729450
2018/03/15,6172710
2018/03/16,6426918
2018/03/17,7794619
2018/03/18,6889592
2018/03/19,6693219
2018/03/20,6551269
2018/03/21,4960431
2018/03/22,6773637
2018/03/23,7618637
2018/03/24,8494777
2018/03/25,7748412
2018/03/26,6191504
2018/03/27,6140855
2018/03/28,6406697
2018/03/29,6570466
2018/03/30,7102612
2018/03/31,8090232
2018/04/01,7625193
2018/04/02,6656478
2018/04/03,6425763
2018/04/04,6184274
2018/04/05,6353150
2018/04/06,7827506
2018/04/07,8353872
2018/04/08,7931008
2018/04/09,6450314
2018/04/10,6704263
2018/04/11,5805844
2018/04/12,6225428
2018/04/13,8583018
2018/04/14,8840613
2018/04/15,6989154
2018/04/16,6483268
2018/04/17,6744228
2018/04/18,5914165
2018/04/19,6651745
2018/04/20,7072158
2018/04/21,7865996
2018/04/22,6860774
2018/04/23,6849609
2018/04/24,6196365
2018/04/25,5741032
2018/04/26,6712851
2018/04/27,8530875
2018/04/28,8550280
2018/04/29,7520863
2018/04/30,6413936
2018/05/01,7324226
2018/05/02,7223291
2018/05/03,6878097
2018/05/04,7310509
2018/05/05,8037255
2018/05/06,7800692
2018/05/07,5458392
2018/05/08,6356260
2018/05/09,6142342
2018/05/10,6240936
2018/05/11,8116061
2018/05/12,8633285
2018/05/13,7066246
2018/05/14,6505122
2018/05/15,6886647
2018/05/16,6245046
2018/05/17,6512239
2018/05/18,6986456
2018/05/19,7930951
2018/05/20,6820360
2018/05/21,6186821
2018/05/22,6895043
2018/05/23,5484513
2018/05/24,6086008
2018/05/25,7801256
2018/05/26,8044621
2018/05/27,7753678
2018/05/28,6171963
2018/05/29,6598341
2018/05/30,5680454
2018/05/31,6683092
2018/06/01,7543373
2018/06/02,7951783
2018/06/03,7084983
2018/06/04,6457188
2018/06/05,7392556
2018/06/06,5282454
2018/06/07,6152580
2018/06/08,7889401
2018/06/09,9052088
2018/06/10,6493938
2018/06/11,5065940
2018/06/12,7051689
2018/06/13,6831970
2018/06/14,6686554
2018/06/15,6698589
2018/06/16,9149250
2018/06/17,8800262
2018/06/18,6311201
2018/06/19,7581933
2018/06/20,5177188
2018/06/21,6436505
2018/06/22,8180742
2018/06/23,8023204
2018/06/24,8155225
2018/06/25,6027299
2018/06/26,6672737
2018/06/27,6100722
2018/06/28,6569503
2018/06/29,6879470
2018/06/30,7955979
2018/07/01,7397895
2018/07/02,6648890
2018/07/03,7405970
2018/07/04,7133122
2018/07/05,5890858
2018/07/06,6471187
2018/07/07,8545976
2018/07/08,7843557
2018/07/09,6545109
2018/07/10,6641637
2018/07/11,6539545
2018/07/12,6259689
2018/07/13,7453967
2018/07/14,7744017
2018/07/15,6518873
2018/07/16,6169918
2018/07/17,6717094
2018/07/18,6275079
2018/07/19,5777818
2018/07/20,8128871
2018/07/21,7138636
2018/07/22,6635109
2018/07/23,6071754
2018/07/24,6694466
2018/07/25,6212343
2018/07/26,5903789
2018/07/27,9575051
2018/07/28,5235577
2018/07/29,7082303
2018/07/30,6109641
2018/07/31,6439632
2018/08/01,6387156
2018/08/02,5808443
2018/08/03,6931541
2018/08/04,7187617
2018/08/05,7175115
2018/08/06,6505128
2018/08/07,7408739
2018/08/08,4943129
2018/08/09,5435095
2018/08/10,6803961
2018/08/11,6888608
2018/08/12,7291904
2018/08/13,5937386
2018/08/14,6889737
2018/08/15,6489037
2018/08/16,5980257
2018/08/17,6722199
2018/08/18,7191104
2018/08/19,6219965
2018/08/20,6482530
2018/08/21,6267361
2018/08/22,5785393
2018/08/23,5710324
2018/08/24,7169859
2018/08/25,7398913
2018/08/26,6858917
2018/08/27,5875957
2018/08/28,6203311
2018/08/29,5959047
2018/08/30,5317566
2018/08/31,6738349
2018/09/01,7366601
2018/09/02,6452011
2018/09/03,7504050
2018/09/04,5275120
2018/09/05,6727850
2018/09/06,6272837
2018/09/07,8048778
2018/09/08,7950094
2018/09/09,7580079
2018/09/10,5954687
2018/09/11,7336003
2018/09/12,6350256
2018/09/13,6112021
2018/09/14,7528074
2018/09/15,8147069
2018/09/16,8227733
2018/09/17,6443957
2018/09/18,6471017
2018/09/19,6721937
2018/09/20,5409917
2018/09/21,6431435
2018/09/22,8117960
2018/09/23,7324631
2018/09/24,7111478
2018/09/25,5569667
2018/09/26,5948065
2018/09/27,6747181
2018/09/28,8334105
2018/09/29,7865419
2018/09/30,5583937
2018/10/01,6167287
2018/10/02,7511393
2018/10/03,6786887
2018/10/04,6199298
2018/10/05,7061465
2018/10/06,8043193
2018/10/07,6641743
2018/10/08,6504531
2018/10/09,7066341
2018/10/10,6355672
2018/10/11,5901467
2018/10/12,7716048
2018/10/13,8333755
2018/10/14,6510758
2018/10/15,6409344
2018/10/16,6815679
2018/10/17,6319204
2018/10/18,5957192
2018/10/19,10836714
2018/10/20,11087989
2018/10/21,10201864
2018/10/22,6419674
2018/10/23,6711810
2018/10/24,6208074
2018/10/25,6410874
2018/10/26,8054108
2018/10/27,7768288
2018/10/28,8227514
2018/10/29,6147225
2018/10/30,6476282
2018/10/31,6299942
2018/11/01,6234032
2018/11/02,7526297
2018/11/03,8045185
2018/11/04,6459730
2018/11/05,6568678
2018/11/06,5743693
2018/11/07,6877159
2018/11/08,6349572
2018/11/09,6531153
2018/11/10,8211592
2018/11/11,6824623
2018/11/12,6343242
2018/11/13,6652566
2018/11/14,6022481
2018/11/15,7643985
2018/11/16,8104666
2018/11/17,8230681
2018/11/18,7621454
2018/11/19,5772618
2018/11/20,7268624
2018/11/21,6640595
2018/11/22,6940605
2018/11/23,8542016
2018/11/24,8657924
2018/11/25,8222777
2018/11/26,6554346
2018/11/27,6744241
2018/11/28,6845253
2018/11/29,6383081
2018/11/30,7317528
2018/12/01,7984800
2018/12/02,7305247
2018/12/03,6980785
2018/12/04,7291075
2018/12/05,6818876
2018/12/06,6433290
2018/12/07,8746937
2018/12/08,8400507
2018/12/09,9096078
2018/12/10,7082035
2018/12/11,6353974
2018/12/12,6281084
2018/12/13,6537271
2018/12/14,8123019
2018/12/15,8840264
2018/12/16,7806452
2018/12/17,7287105
2018/12/18,7633129
2018/12/19,7715964
2018/12/20,8080024
2018/12/21,9534433
2018/12/22,10768555
2018/12/23,11718659
2018/12/24,14430510
2018/12/25,10166250
2018/12/26,10057976
2018/12/27,10643897
2018/12/28,15049825
2018/12/29,17661147
2018/12/30,24788602
2018/12/31,25362343
2019/01/01,0
2019/01/02,6824084
2019/01/03,5793120
2019/01/04,6445798
2019/01/05,7017508
2019/01/06,6508692
2019/01/07,6375805
2019/01/08,6806285
2019/01/09,5799499
2019/01/10,6187559
2019/01/11,7346316
2019/01/12,7151857
2019/01/13,6777610
2019/01/14,6431017
2019/01/15,6468453
2019/01/16,6248881
2019/01/17,6095967
2019/01/18,7574126
2019/01/19,7969164
2019/01/20,7728207
2019/01/21,7330653
2019/01/22,7579763
2019/01/23,7047947
2019/01/24,5991712
2019/01/25,11024323
2019/01/26,10993461
2019/01/27,10527326
2019/01/28,6110051
2019/01/29,6448761
2019/01/30,6828795
2019/01/31,5619927
2019/02/01,7875728
2019/02/02,8577496
2019/02/03,9639477
2019/02/04,6632626
2019/02/05,7242770
2019/02/06,5225188
2019/02/07,7014560
2019/02/08,10675616
2019/02/09,6334977
2019/02/10,8107178
2019/02/11,7111090
2019/02/12,7528856
2019/02/13,7948851
2019/02/14,7650056
2019/02/15,8456871
2019/02/16,9410036
2019/02/17,8282506
2019/02/18,6547564
2019/02/19,6969694
2019/02/20,6565838
2019/02/21,6332479
2019/02/22,8210780
2019/02/23,8604051
2019/02/24,7737665
2019/02/25,6323339
2019/02/26,6704893
2019/02/27,6380473
2019/02/28,5426977
2019/03/01,8203096
2019/03/02,9707701
2019/03/03,7372830
2019/03/04,5520712
2019/03/05,7265197
2019/03/06,6292276
2019/03/07,5042764
2019/03/08,7805989
2019/03/09,8451613
2019/03/10,7623243
2019/03/11,6278952
2019/03/12,7024164
2019/03/13,6404564
2019/03/14,6304073
2019/03/15,7989070
2019/03/16,8044151
2019/03/17,7125059
2019/03/18,6225778
2019/03/19,7040383
2019/03/20,7139639
2019/03/21,6711364
2019/03/22,7889282
2019/03/23,7982502
2019/03/24,7609345
2019/03/25,6429297
2019/03/26,6585798
2019/03/27,6259960
2019/03/28,6363195
2019/03/29,7714347
2019/03/30,7076150
2019/03/31,7394317
2019/04/01,6172237
2019/04/02,7249158
2019/04/03,7131839
2019/04/04,6462358
2019/04/05,7311033
2019/04/06,8700631
2019/04/07,8256679
2019/04/08,5755646
2019/04/09,7722796
2019/04/10,4648120
2019/04/11,6996743
2019/04/12,7684016
2019/04/13,8285095
2019/04/14,7576207
2019/04/15,6354210
2019/04/16,7424350
2019/04/17,6369214
2019/04/18,6084515
2019/04/19,7150490
2019/04/20,8597184
2019/04/21,7522547
2019/04/22,6240213
2019/04/23,6820264
2019/04/24,6266706
2019/04/25,6396077
2019/04/26,8197859
2019/04/27,9053506
2019/04/28,8253915
2019/04/29,7196689
2019/04/30,6246821
2019/05/01,6193862
2019/05/02,6522838
2019/05/03,6846061
2019/05/04,6327915
2019/05/05,7970845
2019/05/06,6510412
2019/05/07,7271573
2019/05/08,6605545
2019/05/09,6403232
2019/05/10,8053164
2019/05/11,9246313
2019/05/12,11088424
2019/05/13,9600861
2019/05/14,8936978
2019/05/15,6175341
2019/05/16,5672979
2019/05/17,7106278
2019/05/18,7480205
2019/05/19,6933655
2019/05/20,6160726
2019/05/21,4798532
2019/05/22,6713077
2019/05/23,6168556
2019/05/24,8530595
2019/05/25,7710886
2019/05/26,7368315
2019/05/27,5669826
2019/05/28,6032311
2019/05/29,6591545
2019/05/30,5904149
2019/05/31,7168830
2019/06/01,7447876
2019/06/02,6963599
2019/06/03,6533121
2019/06/04,6684123
2019/06/05,6107512
2019/06/06,6164942
2019/06/07,6089323
2019/06/08,8119003
2019/06/09,6273585
2019/06/10,5218077
2019/06/11,7651962
2019/06/12,6481118
2019/06/13,6119434
2019/06/14,8384815
2019/06/15,6190724
2019/06/16,8866016
2019/06/17,6453066
2019/06/18,6847559
2019/06/19,6211336
2019/06/20,6104961
2019/06/21,7557577
2019/06/22,7712924
2019/06/23,7419638
2019/06/24,6007241
2019/06/25,7437919
2019/06/26,6491403
2019/06/27,6269417
2019/06/28,6448197
2019/06/29,7672474
2019/06/30,6612012
2019/07/01,6063780
2019/07/02,7053424
2019/07/03,6482675
2019/07/04,5820333
2019/07/05,7609670
2019/07/06,7756475
2019/07/07,6209297
2019/07/08,6582948
2019/07/09,7076365
2019/07/10,6541535
2019/07/11,6056304
2019/07/12,6936332
2019/07/13,8329488
2019/07/14,6496295
2019/07/15,6327221
2019/07/16,6318200
2019/07/17,6655700
2019/07/18,6131240
2019/07/19,7113662
2019/07/20,7866611
2019/07/21,7481072
2019/07/22,5685786
2019/07/23,6454377
2019/07/24,5889608
2019/07/25,6141748
2019/07/26,7801744
2019/07/27,7984879
2019/07/28,6420458
2019/07/29,6286520
2019/07/30,6472085
2019/07/31,6073809
2019/08/01,5815385
2019/08/02,6706218
2019/08/03,6874369
2019/08/04,6150650
2019/08/05,6001213
2019/08/06,6569790
2019/08/07,6172793
2019/08/08,5951973
2019/08/09,6927553
2019/08/10,7140419
2019/08/11,6289844
2019/08/12,5957289
2019/08/13,6392750
2019/08/14,6095741
2019/08/15,5574295
2019/08/16,6979878
2019/08/17,7163887
2019/08/18,6013045
2019/08/19,5897127
2019/08/20,6222554
2019/08/21,5919161
2019/08/22,6209410
2019/08/23,6986581
2019/08/24,7970541
2019/08/25,6843081
2019/08/26,5835802
2019/08/27,6150312
2019/08/28,5273164
2019/08/29,6447050
2019/08/30,6493098
2019/08/31,7510283
2019/09/01,6867334
2019/09/02,6058648
2019/09/03,6186840
2019/09/04,6648337
2019/09/05,6336471
2019/09/06,7732233
2019/09/07,8629644
2019/09/08,7103359
2019/09/09,5154341
2019/09/10,6738571
2019/09/11,6065388
2019/09/12,6502311
2019/09/13,7662884
2019/09/14,7781560
2019/09/15,6889848
2019/09/16,6597350
2019/09/17,7344977
2019/09/18,5415504
2019/09/19,6362751
2019/09/20,7877972
2019/09/21,8020542
2019/09/22,6868610
2019/09/23,6227215
2019/09/24,6895777
2019/09/25,6479198
2019/09/26,6222696
2019/09/27,7477992
2019/09/28,7749249
2019/09/29,7134947
2019/09/30,7171360
2019/10/01,5737569
2019/10/02,6171849
2019/10/03,6149623
2019/10/04,7579907
2019/10/05,8678622
2019/10/06,7281593
2019/10/07,5662591
2019/10/08,6848625
2019/10/09,6590001
2019/10/10,8305157
2019/10/11,12877464
2019/10/12,0
2019/10/13,4404838
2019/10/14,6668694
2019/10/15,7115783
2019/10/16,6825817
2019/10/17,6115364
2019/10/18,9716952
2019/10/19,10898482
2019/10/20,10047849
2019/10/21,7145823
2019/10/22,5131340
2019/10/23,6840903
2019/10/24,6825437
2019/10/25,5593309
2019/10/26,9083594
2019/10/27,8080991
2019/10/28,6973618
2019/10/29,5204522
2019/10/30,6814000
2019/10/31,7127532
2019/11/01,6976282
2019/11/02,8465571
2019/11/03,7093182
2019/11/04,6487454
2019/11/05,6709278
2019/11/06,6425197
2019/11/07,5855060
2019/11/08,6934904
2019/11/09,7714913
2019/11/10,6651931
2019/11/11,5979734
2019/11/12,6441796
2019/11/13,6525707
2019/11/14,5966784
2019/11/15,8002425
2019/11/16,8583453
2019/11/17,7792999
2019/11/18,5842620
2019/11/19,6275493
2019/11/20,6620135
2019/11/21,7185830
2019/11/22,5714338
2019/11/23,7106689
2019/11/24,7623685
2019/11/25,6668831
2019/11/26,6192283
2019/11/27,7072676
2019/11/28,5759025
2019/11/29,8349349
2019/11/30,7916795
2019/12/01,7019067
2019/12/02,5937316
2019/12/03,7376599
2019/12/04,6758250
2019/12/05,6509373
2019/12/06,8578787
2019/12/07,7311982
2019/12/08,9202019
2019/12/09,6869689
2019/12/10,6328613
2019/12/11,6472501
2019/12/12,6956641
2019/12/13,8847020
2019/12/14,8548869
2019/12/15,7620006
2019/12/16,7651913
2019/12/17,6375499
2019/12/18,7943704
2019/12/19,7105907
2019/12/20,8850875
2019/12/21,10374830
2019/12/22,7797279
2019/12/23,9697770
2019/12/24,13781407
2019/12/25,10735392
2019/12/26,9897087
2019/12/27,12718918
2019/12/28,14390856
2019/12/29,17256972
2019/12/30,25409503
2019/12/31,25503950
2020/01/01,0
2020/01/02,7004272
2020/01/03,6808949
2020/01/04,6485058
2020/01/05,6394481
2020/01/06,6335193
2020/01/07,5840330
2020/01/08,5802434
2020/01/09,6169925
2020/01/10,7148923
2020/01/11,7352770
2020/01/12,6461705
2020/01/13,6595147
2020/01/14,6269112
2020/01/15,5800526
2020/01/16,6190822
2020/01/17,7474566
2020/01/18,5873811
2020/01/19,7451006
2020/01/20,6347117
2020/01/21,5879604
2020/01/22,6552361
2020/01/23,5501151
2020/01/24,9860730
2020/01/25,10145552
2020/01/26,9469373
2020/01/27,6600919
2020/01/28,3725381
2020/01/29,6770090
2020/01/30,6052293
2020/01/31,7259511
2020/02/01,7534305
2020/02/02,7133231
2020/02/03,9187314
2020/02/04,6018987
2020/02/05,6495232
2020/02/06,5936682
2020/02/07,7862570
2020/02/08,8752966
2020/02/09,7118556
2020/02/10,7697076
2020/02/11,6675253
2020/02/12,7102639
2020/02/13,7138530
2020/02/14,9355251
2020/02/15,8518852
2020/02/16,7117290
2020/02/17,6658539
2020/02/18,6392280
2020/02/19,6746424
2020/02/20,6109638
2020/02/21,8182502
2020/02/22,8370466
2020/02/23,7780504
2020/02/24,7565414
2020/02/25,7399592
2020/02/26,6811005
2020/02/27,7056949
2020/02/28,9819166
2020/02/29,9453652
2020/03/01,8634668
2020/03/02,6591313
2020/03/03,9581283
2020/03/04,6197866
2020/03/05,7268774
2020/03/06,7779973
2020/03/07,7896376
2020/03/08,6082961
2020/03/09,7496987
2020/03/10,5905585
2020/03/11,7561287
2020/03/12,7521587
2020/03/13,8327843
2020/03/14,6467758
2020/03/15,8320944
2020/03/16,7126849
2020/03/17,6975356
2020/03/18,7630947
2020/03/19,7887181
2020/03/20,8527034
2020/03/21,8589618
2020/03/22,7594467
2020/03/23,7677563
2020/03/24,7367834
2020/03/25,10310089
2020/03/26,15399363
2020/03/27,12094398
2020/03/28,8378028
2020/03/29,4476001
2020/03/30,11169572
2020/03/31,8237719
2020/04/01,6180552
2020/04/02,8090559
2020/04/03,9273925
2020/04/04,9137222
2020/04/05,7342776
2020/04/06,11411192
2020/04/07,7201648
2020/04/08,6663124
2020/04/09,6945589
2020/04/10,8939920
2020/04/11,9394514
2020/04/12,6748341
2020/04/13,4150023
2020/04/14,8738099
2020/04/15,8121059
2020/04/16,8005489
2020/04/17,9431732
2020/04/18,4963194
2020/04/19,9176718
2020/04/20,6149052
2020/04/21,8698206
2020/04/22,7761665
2020/04/23,8634702
2020/04/24,9466301
2020/04/25,8209737
2020/04/26,7143489
2020/04/27,7417411
2020/04/28,8813326
2020/04/29,7933185
2020/04/30,8378173
2020/05/01,9213762
2020/05/02,8422513
2020/05/03,7967777
2020/05/04,7802647
2020/05/05,8553019
2020/05/06,6442421
2020/05/07,8416224
2020/05/08,8969214
2020/05/09,8917954
2020/05/10,8238889
2020/05/11,7415063
2020/05/12,7516133
2020/05/13,7080902
2020/05/14,7344733
2020/05/15,8642252
2020/05/16,6856716
2020/05/17,8689807
2020/05/18,6834685
2020/05/19,6413095
2020/05/20,7519664
2020/05/21,6894983
2020/05/22,9091960
2020/05/23,8991210
2020/05/24,7595419
2020/05/25,7908590
2020/05/26,6922947
2020/05/27,7455245
2020/05/28,7202181
2020/05/29,8750648
2020/05/30,8773231
2020/05/31,7270408
2020/06/01,6101926
2020/06/02,7585677
2020/06/03,7409482
2020/06/04,7256519
2020/06/05,8173439
2020/06/06,7731993
2020/06/07,7958513
2020/06/08,7219764
2020/06/09,6761446
2020/06/10,7330217
2020/06/11,5839036
2020/06/12,8069051
2020/06/13,7208645
2020/06/14,7373737
2020/06/15,7585096
2020/06/16,7262500
2020/06/17,7262378
2020/06/18,7250157
2020/06/19,6333789
2020/06/20,9447067
2020/06/21,8436271
2020/06/22,6353224
2020/06/23,7547692
2020/06/24,6993766
2020/06/25,6619982
2020/06/26,8409286
2020/06/27,8550046
2020/06/28,6556259
2020/06/29,7979625
2020/06/30,6441453
2020/07/01,5923676
2020/07/02,8264899
2020/07/03,8064412
2020/07/04,8036381
2020/07/05,7691574
2020/07/06,6089576
2020/07/07,6779181
2020/07/08,6584980
2020/07/09,6031408
2020/07/10,8329909
2020/07/11,8434243
2020/07/12,7326037
2020/07/13,7163069
2020/07/14,6283667
2020/07/15,6844037
2020/07/16,7703587
2020/07/17,7302296
2020/07/18,7972047
2020/07/19,7243635
2020/07/20,7298396
2020/07/21,8207833
2020/07/22,8141663
2020/07/23,5970253
2020/07/24,8427868
2020/07/25,7184977
2020/07/26,6592288
2020/07/27,7548988
2020/07/28,6215535
2020/07/29,6839802
2020/07/30,6927712
2020/07/31,8159396
2020/08/01,8115188
2020/08/02,7117655
2020/08/03,6489451
2020/08/04,6600937
2020/08/05,6696506
2020/08/06,6971464
2020/08/07,7979062
2020/08/08,8229916
2020/08/09,7030560
2020/08/10,7214437
2020/08/11,6893804
2020/08/12,7175595
2020/08/13,7020734
2020/08/14,8383769
2020/08/15,7888705
2020/08/16,7166663
2020/08/17,6722425
2020/08/18,6433667
2020/08/19,6778791
2020/08/20,6500140
2020/08/21,7573919
2020/08/22,7977539
2020/08/23,6720631
2020/08/24,6599777
2020/08/25,6221654
2020/08/26,6521172
2020/08/27,6053662
2020/08/28,7487745
2020/08/29,7744027
2020/08/30,6763829
2020/08/31,6788914
2020/09/01,6974389
2020/09/02,6480349
2020/09/03,6598621
2020/09/04,8513741
2020/09/05,8658800
2020/09/06,7225970
2020/09/07,6196729
2020/09/08,6928539
2020/09/09,7160376
2020/09/10,6696910
2020/09/11,8433778
2020/09/12,7422828
2020/09/13,7041060
2020/09/14,7125755
2020/09/15,6900896
2020/09/16,6914448
2020/09/17,6765774
2020/09/18,8331560
2020/09/19,8966224
2020/09/20,7686721
2020/09/21,8159812
2020/09/22,7519414
2020/09/23,6310954
2020/09/24,4939393
2020/09/25,6754445
2020/09/26,7820761
2020/09/27,7474580
2020/09/28,7136080
2020/09/29,7742180
2020/09/30,7218219
2020/10/01,6732551
2020/10/02,8087711
2020/10/03,8156171
2020/10/04,6779420
2020/10/05,7192294
2020/10/06,7178319
2020/10/07,6563756
2020/10/08,5257093
2020/10/09,9719934
2020/10/10,7790797
2020/10/11,10829424
2020/10/12,7686441
2020/10/13,7066509
2020/10/14,7308533
2020/10/15,6936315
2020/10/16,8537580
2020/10/17,6849374
2020/10/18,7803804
2020/10/19,6688683
2020/10/20,7768462
2020/10/21,7423590
2020/10/22,6637631
2020/10/23,7570204
2020/10/24,9825349
2020/10/25,8578415
2020/10/26,6505241
2020/10/27,6573919
2020/10/28,6689920
2020/10/29,6300782
2020/10/30,7720614
2020/10/31,8486013
2020/11/01,7099095
2020/11/02,7134262
2020/11/03,6701196
2020/11/04,6546565
2020/11/05,6321136
2020/11/06,7730627
2020/11/07,7927583
2020/11/08,7189973
2020/11/09,6611040
2020/11/10,6621820
2020/11/11,6695308
2020/11/12,6386249
2020/11/13,8921625
2020/11/14,8565893
2020/11/15,7540972
2020/11/16,6756870
2020/11/17,7090572
2020/11/18,7051057
2020/11/19,7383862
2020/11/20,13947435
2020/11/21,11118624
2020/11/22,9166044
2020/11/23,8263756
2020/11/24,7855300
2020/11/25,7389041
2020/11/26,9209800
2020/11/27,8105360
2020/11/28,8214194
2020/11/29,7340209
2020/11/30,7133642
2020/12/01,7374165
2020/12/02,6438993
2020/12/03,7208385
2020/12/04,8772696
2020/12/05,7854534
2020/12/06,7962542
2020/12/07,7352403
2020/12/08,6791375
2020/12/09,6976030
2020/12/10,6780727
2020/12/11,8683555
2020/12/12,8932622
2020/12/13,9089451
2020/12/14,7289417
2020/12/15,7527035
2020/12/16,7528608
2020/12/17,7442665
2020/12/18,8984896
2020/12/19,10198367
2020/12/20,8651749
2020/12/21,8437059
2020/12/22,9120112
2020/12/23,11186888
2020/12/24,15522250
2020/12/25,13798657
2020/12/26,12054624
2020/12/27,12506244
2020/12/28,15676427
2020/12/29,20000718
2020/12/30,24949136
2020/12/31,24417389
2021/01/01,0
2021/01/02,0
2021/01/03,7656951
2021/01/04,6852125
2021/01/05,6750251
2021/01/06,6962503
2021/01/07,6703371
2021/01/08,8037911
2021/01/09,8229929
2021/01/10,7193524
2021/01/11,7263673
2021/01/12,6183521
2021/01/13,7480265
2021/01/14,6890846
2021/01/15,7882254
2021/01/16,8913569
2021/01/17,6794435
2021/01/18,7178866
2021/01/19,6841746
2021/01/20,7117201
2021/01/21,7153665
2021/01/22,8867167
2021/01/23,7671887
2021/01/24,5654342
2021/01/25,8453334
2021/01/26,7486217
2021/01/27,6784528
2021/01/28,5979811
2021/01/29,9287898
2021/01/30,8914232
2021/01/31,7556236
2021/02/01,7360745
2021/02/02,10631285
2021/02/03,7087729
2021/02/04,6822953
2021/02/05,9206351
2021/02/06,9604853
2021/02/07,7595995
2021/02/08,7317305
2021/02/09,7244207
2021/02/10,8220887
2021/02/11,7711369
2021/02/12,9715191
2021/02/13,10661465
2021/02/14,9458772
2021/02/15,5031185
2021/02/16,7622792
2021/02/17,7409512
2021/02/18,6695800
2021/02/19,8961426
2021/02/20,8989564
2021/02/21,7891435
2021/02/22,8084691
2021/02/23,6876337
2021/02/24,7270772
2021/02/25,7269836
2021/02/26,8368009
2021/02/27,9090409
2021/02/28,7725468
2021/03/01,7907672
2021/03/02,5958622
2021/03/03,9800483
2021/03/04,6813385
2021/03/05,7950457
2021/03/06,9243585
2021/03/07,7770166
2021/03/08,6092362
2021/03/09,7515479
2021/03/10,7227907
2021/03/11,6942773
2021/03/12,11545604
2021/03/13,6208204
2021/03/14,10210743
2021/03/15,7193597
2021/03/16,6940363
2021/03/17,7023916
2021/03/18,6984092
2021/03/19,9241329
2021/03/20,9489854
2021/03/21,4416880
2021/03/22,7583280
2021/03/23,7612069
2021/03/24,7790117
2021/03/25,7365802
2021/03/26,8467528
2021/03/27,9542133
2021/03/28,6222332
2021/03/29,7189230
2021/03/30,6892087
2021/03/31,7179771
2021/04/01,6394760
2021/04/02,7884040
2021/04/03,9018582
2021/04/04,6575193
2021/04/05,5550043
2021/04/06,6627690
2021/04/07,6816339
2021/04/08,6073673
2021/04/09,8397000
2021/04/10,8996582
2021/04/11,7810830
2021/04/12,7195946
2021/04/13,6007624
2021/04/14,6004489
2021/04/15,8654873
2021/04/16,8462316
2021/04/17,6513871
2021/04/18,7704797
2021/04/19,7329228
2021/04/20,7197513
2021/04/21,6948876
2021/04/22,6653337
2021/04/23,9148484
2021/04/24,9672318
2021/04/25,7880695
2021/04/26,7752628
2021/04/27,7549551
2021/04/28,9065375
2021/04/29,6140825
2021/04/30,10723298
2021/05/01,8909419
2021/05/02,8118299
2021/05/03,8768681
2021/05/04,8561918
2021/05/05,7400082
2021/05/06,7808746
2021/05/07,8212553
2021/05/08,9962356
2021/05/09,8717360
2021/05/10,7157260
2021/05/11,6768004
2021/05/12,7123608
2021/05/13,5268031
2021/05/14,8751614
2021/05/15,8918934
2021/05/16,6662470
2021/05/17,6696019
2021/05/18,6117204
2021/05/19,6388352
2021/05/20,7024510
2021/05/21,7481987
2021/05/22,9222145
2021/05/23,7895989
2021/05/24,6587705
2021/05/25,7075387
2021/05/26,7235114
2021/05/27,5170520
2021/05/28,9121479
2021/05/29,9351525
2021/05/30,7006145
2021/05/31,6693134
2021/06/01,6827688
2021/06/02,7244798
2021/06/03,7225237
2021/06/04,5711397
2021/06/05,9285886
2021/06/06,6907767
2021/06/07,6981492
2021/06/08,6704638
2021/06/09,6798918
2021/06/10,6515258
2021/06/11,7870306
2021/06/12,8838610
2021/06/13,7152449
2021/06/14,6233581
2021/06/15,6998724
2021/06/16,6426026
2021/06/17,6557950
2021/06/18,8642047
2021/06/19,7934571
2021/06/20,9006668
2021/06/21,7131386
2021/06/22,6561884
2021/06/23,6581565
2021/06/24,6647586
2021/06/25,8280972
2021/06/26,9149832
2021/06/27,6488568
2021/06/28,6662421
2021/06/29,5951062
2021/06/30,7371712
2021/07/01,5547174
2021/07/02,7018088
2021/07/03,9691804
2021/07/04,6799441
2021/07/05,6864547
2021/07/06,7016084
2021/07/07,6977543
2021/07/08,5738599
2021/07/09,7653474
2021/07/10,7877563
2021/07/11,6538612
2021/07/12,6970905
2021/07/13,6991697
2021/07/14,6860399
2021/07/15,6645962
2021/07/16,7836183
2021/07/17,8431927
2021/07/18,7100964
2021/07/19,6791479
2021/07/20,6817967
2021/07/21,7932493
2021/07/22,7608263
2021/07/23,8087117
2021/07/24,7695736
2021/07/25,7205463
2021/07/26,7865319
2021/07/27,5702340
2021/07/28,7884882
2021/07/29,6345585
2021/07/30,7222285
2021/07/31,8134221
2021/08/01,6752213
2021/08/02,6750060
2021/08/03,6490086
2021/08/04,6843887
2021/08/05,6283844
2021/08/06,8489738
2021/08/07,7923502
2021/08/08,6218609
2021/08/09,6184298
2021/08/10,7652644
2021/08/11,7460858
2021/08/12,7769325
2021/08/13,7708332
2021/08/14,7227638
2021/08/15,5753555
2021/08/16,7475297
2021/08/17,6983451
2021/08/18,7018442
2021/08/19,7006926
2021/08/20,8597189
2021/08/21,8361745
2021/08/22,7644089
2021/08/23,6836814
2021/08/24,6946631
2021/08/25,6957030
2021/08/26,6630228
2021/08/27,7552406
2021/08/28,7741344
2021/08/29,7045136
2021/08/30,6681264
2021/08/31,6790682
2021/09/01,6945796
2021/09/02,5191694
2021/09/03,7923874
2021/09/04,9287769
2021/09/05,7569288
2021/09/06,6727160
2021/09/07,8016547
2021/09/08,6749880
2021/09/09,6311893
2021/09/10,8431235
2021/09/11,8816518
2021/09/12,7328376
2021/09/13,6924887
2021/09/14,6531346
2021/09/15,7844567
2021/09/16,7635282
2021/09/17,9854613
2021/09/18,5790037
2021/09/19,8431253
2021/09/20,8055895
2021/09/21,7732136
2021/09/22,7539707
2021/09/23,7205013
2021/09/24,7914959
2021/09/25,8319366
2021/09/26,7121259
2021/09/27,7106174
2021/09/28,6897909
2021/09/29,7506927
2021/09/30,7655777
2021/10/01,4477731
2021/10/02,9317233
2021/10/03,7341145
2021/10/04,7025817
2021/10/05,6835325
2021/10/06,6658568
2021/10/07,6356220
2021/10/08,7691443
2021/10/09,7968761
2021/10/10,6779351
2021/10/11,6716374
2021/10/12,6020224
2021/10/13,5439568
2021/10/14,7091427
2021/10/15,7953114
2021/10/16,7545246
2021/10/17,5938589
2021/10/18,6659004
2021/10/19,5979681
2021/10/20,6822673
2021/10/21,6419728
2021/10/22,7725985
2021/10/23,10251090
2021/10/24,8842041
2021/10/25,7683413
2021/10/26,7048430
2021/10/27,6920235
2021/10/28,7346953
2021/10/29,7602061
2021/10/30,8432305
2021/10/31,6614476
2021/11/01,6619101
2021/11/02,7023149
2021/11/03,7013751
2021/11/04,6291249
2021/11/05,8046602
2021/11/06,8794090
2021/11/07,7969074
2021/11/08,6744272
2021/11/09,4745679
2021/11/10,7087138
2021/11/11,6292393
2021/11/12,7307105
2021/11/13,8110509
2021/11/14,6321119
2021/11/15,6646866
2021/11/16,6335870
2021/11/17,6689919
2021/11/18,6945715
2021/11/19,8169025
2021/11/20,7927100
2021/11/21,6500032
2021/11/22,6333539
2021/11/23,6954277
2021/11/24,6931283
2021/11/25,6993232
2021/11/26,7599204
2021/11/27,7887656
2021/11/28,6736294
2021/11/29,6978906
2021/11/30,6927870
2021/12/01,7192857
2021/12/02,6777898
2021/12/03,8294564
2021/12/04,8918205
2021/12/05,8758069
2021/12/06,7326504
2021/12/07,6514053
2021/12/08,4875617
2021/12/09,7078317
2021/12/10,8508849
2021/12/11,8410603
2021/12/12,7421321
2021/12/13,6847976
2021/12/14,6034480
2021/12/15,7433548
2021/12/16,7261600
2021/12/17,7557422
2021/12/18,8864509
2021/12/19,7484773
2021/12/20,8190067
2021/12/21,7893368
2021/12/22,8158391
2021/12/23,10310629
2021/12/24,16647748
2021/12/25,13379670
2021/12/26,9472701
2021/12/27,11996358
2021/12/28,14474544
2021/12/29,18406559
2021/12/30,24499780
2021/12/31,24955524
2022/01/01,0
2022/01/02,0
2022/01/03,7455741
2022/01/04,5478941
2022/01/05,6315225
2022/01/06,4568871
2022/01/07,5906400
2022/01/08,7722425
2022/01/09,6776094
2022/01/10,6552455
2022/01/11,4762907
2022/01/12,7020024
2022/01/13,6786971
2022/01/14,7493667
2022/01/15,7548468
2022/01/16,6708616
2022/01/17,6566501
2022/01/18,6310232
2022/01/19,6534322
2022/01/20,6469667
2022/01/21,7758180
2022/01/22,8423415
2022/01/23,6832906
2022/01/24,6817507
2022/01/25,6400859
2022/01/26,6782284
2022/01/27,6786945
2022/01/28,7650656
2022/01/29,7999347
2022/01/30,6655033
2022/01/31,6829363
2022/02/01,6611716
2022/02/02,6487048
2022/02/03,10183412
2022/02/04,6926293
2022/02/05,7774832
2022/02/06,6499150
2022/02/07,6682110
2022/02/08,6895477
2022/02/09,11695166
2022/02/10,4018312
2022/02/11,7394996
2022/02/12,9916465
2022/02/13,6718505
2022/02/14,7439626
2022/02/15,7098164
2022/02/16,7037956
2022/02/17,6877710
2022/02/18,8272339
2022/02/19,7775502
2022/02/20,5953800
2022/02/21,6589625
2022/02/22,7017510
2022/02/23,6870446
2022/02/24,6901583
2022/02/25,8491357
2022/02/26,8101170
2022/02/27,7133605
2022/02/28,7176281
2022/03/01,6619511
2022/03/02,6944056
2022/03/03,9093055
2022/03/04,8051333
2022/03/05,8334082
2022/03/06,7098630
2022/03/07,6676493
2022/03/08,5563027
2022/03/09,7591357
2022/03/10,6984456
2022/03/11,7688131
2022/03/12,9055767
2022/03/13,7141522
2022/03/14,6888768
2022/03/15,6480104
2022/03/16,6842118
2022/03/17,6493394
2022/03/18,5785814
2022/03/19,7667430
2022/03/20,7677400
2022/03/21,7219058
2022/03/22,4330618
2022/03/23,7147750
2022/03/24,6572413
2022/03/25,8783051
2022/03/26,7557726
2022/03/27,8377011
2022/03/28,6474774
2022/03/29,6411283
2022/03/30,6937293
2022/03/31,6641924
2022/04/01,7184788
2022/04/02,7881795
2022/04/03,5527070
2022/04/04,4388791
2022/04/05,7194355
2022/04/06,6588294
2022/04/07,6268078
2022/04/08,7500929
2022/04/09,7284748
2022/04/10,6310806
2022/04/11,6218440
2022/04/12,5814542
2022/04/13,6486444
2022/04/14,4844239
2022/04/15,6871713
2022/04/16,8916302
2022/04/17,8023290
2022/04/18,5225117
2022/04/19,6568871
2022/04/20,6539446
2022/04/21,6097045
2022/04/22,7698145
2022/04/23,7584345
2022/04/24,5738601
2022/04/25,6573811
2022/04/26,5784343
2022/04/27,6895413
2022/04/28,8016065
2022/04/29,5775832
2022/04/30,8573778
2022/05/01,5322168
2022/05/02,8772160
2022/05/03,7416785
2022/05/04,7419773
2022/05/05,7180556
2022/05/06,7375774
2022/05/07,7483093
2022/05/08,7959238
2022/05/09,5908393
2022/05/10,6662986
2022/05/11,6437328
2022/05/12,5997040
2022/05/13,6148637
2022/05/14,7644857
2022/05/15,7682989
2022/05/16,5616712
2022/05/17,6362219
2022/05/18,6697430
2022/05/19,5751826
2022/05/20,7488663
2022/05/21,6986239
2022/05/22,6704244
2022/05/23,5828616
2022/05/24,6279062
2022/05/25,6670186
2022/05/26,6503141
2022/05/27,6378135
2022/05/28,8255463
2022/05/29,6956006
2022/05/30,6371925
2022/05/31,5863527
2022/06/01,6539072
2022/06/02,6015712
2022/06/03,6610375
2022/06/04,7907664
2022/06/05,6886813
2022/06/06,4524820
2022/06/07,6064147
2022/06/08,6432163
2022/06/09,5959842
2022/06/10,7254748
2022/06/11,7772938
2022/06/12,6286071
2022/06/13,6275793
2022/06/14,5250386
2022/06/15,6436819
2022/06/16,6445062
2022/06/17,8169464
2022/06/18,8285182
2022/06/19,8480647
2022/06/20,5933496
2022/06/21,5670459
2022/06/22,5541954
2022/06/23,6048639
2022/06/24,6838195
2022/06/25,7344233
2022/06/26,6543570
2022/06/27,6150550
2022/06/28,6019576
2022/06/29,6108512
2022/06/30,5812352
2022/07/01,6587028
2022/07/02,7452198
2022/07/03,6360945
2022/07/04,6143788
2022/07/05,6185091
2022/07/06,5614196
2022/07/07,6338674
2022/07/08,6999913
2022/07/09,7509607
2022/07/10,7338726
2022/07/11,6143766
2022/07/12,5593690
2022/07/13,5889240
2022/07/14,5821905
2022/07/15,6140152
2022/07/16,7240132
2022/07/17,7198736
2022/07/18,6213476
2022/07/19,6145639
2022/07/20,6519560
2022/07/21,5761823
2022/07/22,7152095
2022/07/23,8684879
2022/07/24,6469357
2022/07/25,6681987
2022/07/26,5377915
2022/07/27,6696709
2022/07/28,5850671
2022/07/29,6901396
2022/07/30,6839413
2022/07/31,6443799
2022/08/01,6059978
2022/08/02,5495153
2022/08/03,6360683
2022/08/04,5196769
2022/08/05,7802852
2022/08/06,7722013
2022/08/07,6619302
2022/08/08,5897990
2022/08/09,6985833
2022/08/10,6364119
2022/08/11,6858452
2022/08/12,8234191
2022/08/13,3813115
2022/08/14,7529808
2022/08/15,6358640
2022/08/16,5910507
2022/08/17,6488450
2022/08/18,5617324
2022/08/19,7243938
2022/08/20,7220889
2022/08/21,6412385
2022/08/22,6224802
2022/08/23,5868879
2022/08/24,5816917
2022/08/25,6573668
2022/08/26,6296852
2022/08/27,7268798
2022/08/28,5852985
2022/08/29,6158121
2022/08/30,5764271
2022/08/31,6197750
2022/09/01,5386335
2022/09/02,6501503
2022/09/03,8916527
2022/09/04,6922225
2022/09/05,6399605
2022/09/06,5762804
2022/09/07,5787935
2022/09/08,6012352
2022/09/09,7241144
2022/09/10,7704761
2022/09/11,6966316
2022/09/12,6067326
2022/09/13,6234207
2022/09/14,5876941
2022/09/15,6259342
2022/09/16,7723093
2022/09/17,8658329
2022/09/18,4934529
2022/09/19,4979901
2022/09/20,4898778
2022/09/21,7380058
2022/09/22,7241141
2022/09/23,6437093
2022/09/24,5264378
2022/09/25,7328754
2022/09/26,5951939
2022/09/27,6147406
2022/09/28,6640672
2022/09/29,5932049
2022/09/30,7019549
2022/10/01,7965283
2022/10/02,7023128
2022/10/03,5899376
2022/10/04,5660422
2022/10/05,5268894
2022/10/06,5272235
2022/10/07,7079237
2022/10/08,11458329
2022/10/09,6963896
2022/10/10,7570981
2022/10/11,6306856
2022/10/12,6023219
2022/10/13,5002681
2022/10/14,7222715
2022/10/15,7684668
2022/10/16,6803313
2022/10/17,5621941
2022/10/18,6239688
2022/10/19,6396269
2022/10/20,6110237
2022/10/21,7676788
2022/10/22,8414016
2022/10/23,7504196
2022/10/24,5719894
2022/10/25,5900040
2022/10/26,6063181
2022/10/27,5919357
2022/10/28,7716712
2022/10/29,7724802
2022/10/30,6301582
2022/10/31,6201320
2022/11/01,6319396
2022/11/02,6815600
2022/11/03,6663515
2022/11/04,6671001
2022/11/05,7619095
2022/11/06,6633280
2022/11/07,6392069
2022/11/08,6419586
2022/11/09,6439315
2022/11/10,6242478
2022/11/11,7207099
2022/11/12,7859192
2022/11/13,6446240
2022/11/14,6394750
2022/11/15,5373583
2022/11/16,6841387
2022/11/17,6542820
2022/11/18,8310046
2022/11/19,8732143
2022/11/20,6648451
2022/11/21,6071375
2022/11/22,7501694
2022/11/23,4610731
2022/11/24,6984051
2022/11/25,8255328
2022/11/26,8520003
2022/11/27,8118241
2022/11/28,6535482
2022/11/29,5642574
2022/11/30,6791038
2022/12/01,5961739
2022/12/02,7535155
2022/12/03,8343061
2022/12/04,7231259
2022/12/05,5949422
2022/12/06,6183108